{"type": "FeatureCollection", "features": [{"type": "Feature", "geometry": {"type": "LineString", "coordinates": [[138.73633, 35.65194], [138.73667, 35.65244], [138.73622, 35.65281], [138.73345, 35.65183], [138.73285, 35.65201], [138.73224, 35.65272], [138.73162, 35.6526], [138.73177, 35.65233], [138.73213, 35.65235], [138.73388, 35.65306], [138.73928, 35.65688], [138.73741, 35.65795], [138.73676, 35.65973], [138.73723, 35.66116], [138.73901, 35.66421], [138.74222, 35.66643], [138.74528, 35.67024], [138.74579, 35.67132], [138.7465, 35.6744], [138.7466, 35.67654], [138.74748, 35.6785], [138.7489, 35.67951], [138.7492, 35.67998], [138.74877, 35.68213], [138.74981, 35.68466], [138.74697, 35.68718], [138.74642, 35.68857], [138.74649, 35.68935], [138.74758, 35.69185], [138.74768, 35.69415], [138.74804, 35.69565], [138.74805, 35.69923], [138.74749, 35.70175], [138.74772, 35.7026], [138.7472, 35.70199], [138.74582, 35.70222], [138.74485, 35.70207], [138.7443, 35.70161], [138.74282, 35.70143], [138.74254, 35.70166], [138.74238, 35.70264], [138.74183, 35.70304], [138.741, 35.70302], [138.73992, 35.70239], [138.73408, 35.70484], [138.73173, 35.70534], [138.72927, 35.70483], [138.71956, 35.70118], [138.71577, 35.7014], [138.71204, 35.70117], [138.71048, 35.70137], [138.70839, 35.70125], [138.70381, 35.69982], [138.70037, 35.70016], [138.69648, 35.70088], [138.69278, 35.70305], [138.69285, 35.70355], [138.69076, 35.70444], [138.68984, 35.70329], [138.6891, 35.70313], [138.68865, 35.70272], [138.68747, 35.70339], [138.68232, 35.70503], [138.68106, 35.70583], [138.67993, 35.70368], [138.67725, 35.70204], [138.67677, 35.7021], [138.67656, 35.70246], [138.67777, 35.7035], [138.67776, 35.70381], [138.67743, 35.704], [138.67563, 35.70336], [138.67548, 35.7029], [138.67379, 35.70223], [138.67315, 35.70238], [138.67242, 35.70316], [138.67185, 35.70336], [138.67023, 35.70282], [138.67006, 35.70252], [138.66787, 35.70233], [138.66792, 35.70188], [138.667, 35.70187], [138.66568, 35.70264]]}, "properties": {"id": 37, "name": "フルーツライン", "prefecture": "山梨県", "start_label": "勝沼IC付近", "end_label": "笛吹川フルーツ公園付近", "mentions": 3, "confidence": 1.0, "length_m": 16314.578393106905, "curviness": 0.29206910111282985, "summary": "甲府盆地を見下ろす爽快な快走ルート。展望スポットの牛奥みはらしの丘や温泉など立ち寄りスポットも充実しています。", "geo_status": "ok", "geo_error": null, "stroke": "#1e88e5", "stroke-width": 4}}, {"type": "Feature", "geometry": {"type": "LineString", "coordinates": [[138.15767, 35.995], [138.1605, 35.99563], [138.16421, 35.99686], [138.16561, 35.99678], [138.16783, 35.99708], [138.17049, 35.99784], [138.17263, 35.99965], [138.17413, 36.00323], [138.17506, 36.00402], [138.17657, 36.0048], [138.17827, 36.00757], [138.18174, 36.01121], [138.18444, 36.01321], [138.18827, 36.0152], [138.19006, 36.01698], [138.19161, 36.01756], [138.19845, 36.01916], [138.20165, 36.0206], [138.20494, 36.02095], [138.2117, 36.02339], [138.21411, 36.0238], [138.21547, 36.02479], [138.2171, 36.02554], [138.21715, 36.02646], [138.21783, 36.02736], [138.2211, 36.0285], [138.22298, 36.02967], [138.22198, 36.03103], [138.22228, 36.03345], [138.22204, 36.03417], [138.22139, 36.03461], [138.21661, 36.03625], [138.21582, 36.03681], [138.21553, 36.03744], [138.21565, 36.03817], [138.21615, 36.03873], [138.21983, 36.0405], [138.22141, 36.04184], [138.22424, 36.04593], [138.22548, 36.04905], [138.22443, 36.05204], [138.22441, 36.05474], [138.22355, 36.05983], [138.22343, 36.06208], [138.22229, 36.06411], [138.22282, 36.06642], [138.22334, 36.06745], [138.22386, 36.07021], [138.22284, 36.07445], [138.22209, 36.07622], [138.22199, 36.07788], [138.22127, 36.07922], [138.22171, 36.08069], [138.22104, 36.08229], [138.22138, 36.08245], [138.22169, 36.08178], [138.22203, 36.08172], [138.22185, 36.08382], [138.22221, 36.08383], [138.22219, 36.08304], [138.22246, 36.08293], [138.22322, 36.08438], [138.22303, 36.08502], [138.22227, 36.08586], [138.22266, 36.08638], [138.22278, 36.08572], [138.22319, 36.08578], [138.22333, 36.08624], [138.22309, 36.08703], [138.22343, 36.08774], [138.22319, 36.08879], [138.22261, 36.08973], [138.22243, 36.09114], [138.22312, 36.09317], [138.22391, 36.09394], [138.22366, 36.09491], [138.22394, 36.09636], [138.22383, 36.09711], [138.2255, 36.09884], [138.22606, 36.10054], [138.22689, 36.10114], [138.22862, 36.10141], [138.2289, 36.10175], [138.22927, 36.10347], [138.23068, 36.10386], [138.23118, 36.10522], [138.23235, 36.10563], [138.23287, 36.10653], [138.23443, 36.10813], [138.23586, 36.1089], [138.23454, 36.10823], [138.23287, 36.10653], [138.23373, 36.10809], [138.23446, 36.11008], [138.23425, 36.11006], [138.2314, 36.10715], [138.22967, 36.1068], [138.22783, 36.10686], [138.22667, 36.106], [138.22514, 36.10559], [138.22357, 36.10478], [138.22058, 36.10419], [138.22043, 36.10386], [138.22072, 36.10279], [138.21834, 36.1017], [138.21812, 36.10141], [138.21973, 36.09818], [138.21893, 36.0971], [138.2173, 36.09644], [138.21655, 36.09644], [138.21584, 36.09671], [138.21517, 36.09919], [138.21371, 36.10015], [138.21312, 36.10101], [138.21268, 36.10111], [138.21091, 36.09961], [138.20892, 36.09649], [138.20804, 36.09602], [138.20743, 36.09616], [138.20706, 36.09759], [138.20646, 36.09783], [138.20407, 36.09729], [138.20335, 36.09591], [138.2027, 36.09568], [138.20126, 36.09642], [138.19969, 36.09848], [138.19868, 36.09819], [138.19743, 36.09871], [138.19611, 36.09738], [138.19663, 36.09632], [138.19615, 36.09491], [138.1956, 36.0946], [138.19406, 36.09474], [138.19364, 36.09457], [138.19298, 36.09418], [138.19236, 36.0929], [138.18835, 36.0931], [138.18551, 36.09273], [138.18444, 36.0931], [138.18418, 36.09369], [138.18647, 36.09588], [138.18714, 36.10064], [138.18881, 36.10216], [138.18855, 36.10329], [138.18778, 36.10386], [138.18604, 36.10349], [138.18466, 36.10237], [138.18299, 36.1015], [138.18155, 36.09952], [138.18194, 36.09931], [138.1825, 36.09999], [138.18281, 36.10004], [138.18294, 36.09979], [138.18244, 36.09909], [138.18011, 36.09761], [138.17878, 36.09717], [138.17733, 36.09597], [138.17614, 36.0959], [138.17468, 36.09647], [138.17339, 36.09583], [138.1688, 36.09706], [138.16864, 36.09747], [138.16886, 36.09848], [138.1696, 36.10062], [138.17137, 36.10258], [138.17382, 36.10345], [138.17631, 36.10588], [138.1778, 36.10872], [138.17778, 36.10915], [138.17737, 36.10948], [138.17659, 36.10944], [138.1733, 36.109], [138.17069, 36.10815], [138.16995, 36.10827], [138.16959, 36.109], [138.17043, 36.11036], [138.17071, 36.11143], [138.17054, 36.11183], [138.17007, 36.11201], [138.16784, 36.1117], [138.16668, 36.11198], [138.16569, 36.11268], [138.16303, 36.11579], [138.15883, 36.11758], [138.15875, 36.11897], [138.15998, 36.12005], [138.15974, 36.12166], [138.15924, 36.12214], [138.15611, 36.12365], [138.1551, 36.12474], [138.15401, 36.12483], [138.15346, 36.12509], [138.15322, 36.12577], [138.15436, 36.12732], [138.15431, 36.12768], [138.15269, 36.12818], [138.15094, 36.12738], [138.15048, 36.12737], [138.14994, 36.12767], [138.14998, 36.12885], [138.15129, 36.12981], [138.15139, 36.13141], [138.15225, 36.1329], [138.15177, 36.13664], [138.14961, 36.13959], [138.14932, 36.14084], [138.14815, 36.14152], [138.14604, 36.1414], [138.14491, 36.14267], [138.14475, 36.14609], [138.14268, 36.14779], [138.1423, 36.14909], [138.14166, 36.149], [138.14201, 36.14763], [138.14162, 36.14735], [138.1413, 36.14751], [138.14085, 36.14843], [138.13961, 36.14895], [138.13971, 36.14947], [138.14121, 36.15032], [138.14161, 36.1509], [138.1409, 36.15274], [138.14095, 36.15367], [138.14045, 36.1539], [138.1396, 36.1537], [138.13875, 36.15378], [138.13744, 36.15332], [138.13697, 36.15368], [138.13685, 36.15439], [138.13704, 36.1551], [138.13774, 36.15597], [138.13896, 36.15661], [138.13884, 36.15703], [138.13835, 36.157], [138.13623, 36.15542], [138.13583, 36.15393], [138.13595, 36.15295], [138.13567, 36.15273], [138.13523, 36.15294], [138.13599, 36.15611], [138.13597, 36.1585], [138.13475, 36.15988], [138.13435, 36.16089], [138.13485, 36.1619], [138.135, 36.16294], [138.13613, 36.16345], [138.13639, 36.164], [138.13595, 36.16442], [138.13414, 36.16463], [138.13338, 36.16571], [138.13349, 36.16642], [138.13433, 36.16734], [138.13397, 36.16836], [138.13431, 36.16919], [138.13417, 36.16969], [138.13298, 36.17006], [138.13096, 36.16952], [138.13039, 36.16959], [138.13019, 36.16997], [138.13043, 36.1713], [138.12989, 36.17217], [138.13026, 36.17293], [138.13149, 36.17323], [138.13184, 36.17364], [138.13076, 36.17543], [138.13165, 36.17609], [138.13248, 36.1758], [138.13292, 36.17592], [138.13338, 36.17662], [138.13333, 36.17736], [138.13293, 36.17779], [138.13056, 36.17823], [138.12969, 36.17918], [138.12857, 36.17989], [138.12798, 36.18095], [138.12711, 36.18171], [138.12585, 36.18475], [138.12647, 36.18659], [138.12724, 36.18692], [138.12841, 36.18688], [138.12921, 36.18793], [138.12936, 36.18867], [138.13027, 36.18899], [138.13042, 36.19027], [138.13096, 36.19058], [138.13116, 36.19104], [138.13198, 36.19125], [138.13195, 36.19154], [138.13118, 36.19223], [138.13135, 36.19283], [138.13204, 36.1932], [138.13203, 36.19437], [138.1315, 36.19508], [138.13222, 36.19677], [138.13413, 36.19726], [138.13494, 36.19721], [138.13566, 36.19837], [138.1369, 36.19799], [138.1376, 36.19805], [138.1382, 36.19763], [138.13896, 36.19761], [138.13956, 36.19909], [138.14091, 36.19966], [138.14067, 36.2003], [138.14126, 36.20233], [138.14021, 36.20502], [138.14016, 36.20572], [138.14098, 36.20679], [138.14156, 36.20838], [138.1411, 36.20955], [138.13971, 36.21047], [138.13958, 36.21112], [138.14064, 36.21219], [138.14099, 36.21356], [138.14219, 36.21385], [138.1426, 36.21421], [138.1418, 36.21463], [138.14122, 36.21534], [138.13885, 36.21637], [138.13856, 36.21695], [138.13889, 36.2175], [138.14028, 36.21838], [138.14154, 36.21836], [138.13994, 36.21917], [138.13945, 36.22087], [138.1397, 36.22084], [138.13969, 36.2203], [138.14036, 36.21945], [138.141, 36.21964], [138.14209, 36.21937], [138.14302, 36.22005], [138.14189, 36.21961], [138.14133, 36.22008], [138.14076, 36.2202], [138.14119, 36.22161], [138.14112, 36.22221], [138.14084, 36.2224], [138.1396, 36.222], [138.13916, 36.2234], [138.13824, 36.22323], [138.13774, 36.22359], [138.13698, 36.22317], [138.13616, 36.22382], [138.13599, 36.22489], [138.13561, 36.22537], [138.13588, 36.22543], [138.1363, 36.22485], [138.13615, 36.22428], [138.13638, 36.22418], [138.13669, 36.22573], [138.13521, 36.22651], [138.13427, 36.22609], [138.13503, 36.2267], [138.13561, 36.22663], [138.13558, 36.22687], [138.13512, 36.22698], [138.13451, 36.22667], [138.13367, 36.22689], [138.13434, 36.22695], [138.13467, 36.22732], [138.13548, 36.22755], [138.13623, 36.22712], [138.13687, 36.22712], [138.13702, 36.22734], [138.13575, 36.22805], [138.13347, 36.22853], [138.13028, 36.2279], [138.12744, 36.22629], [138.12414, 36.22348], [138.12243, 36.22079], [138.12122, 36.22072]]}, "properties": {"id": 33, "name": "ビーナスライン", "prefecture": "長野県", "start_label": "茅野市", "end_label": "美ヶ原高原", "mentions": 2, "confidence": 1.0, "length_m": 58366.48813119286, "curviness": 0.39984543794024935, "summary": "信州を誇る屈指の絶景高原ルート。霧ヶ峰や美ヶ原高原へと至る雄大な山々の眺望と爽快なワインディングを楽しめます。", "geo_status": "ok", "geo_error": null, "stroke": "#1e88e5", "stroke-width": 4}}, {"type": "Feature", "geometry": {"type": "LineString", "coordinates": [[138.4234, 35.89213], [138.4252, 35.89301], [138.42572, 35.8939], [138.42523, 35.89744], [138.42632, 35.89978], [138.42663, 35.90108], [138.42645, 35.90246], [138.42535, 35.9048], [138.42596, 35.9068], [138.42609, 35.90916], [138.42664, 35.90995], [138.42883, 35.9115], [138.42993, 35.91287], [138.43179, 35.91568], [138.43244, 35.91709], [138.43218, 35.91741], [138.43242, 35.91793], [138.43364, 35.9186], [138.43511, 35.91893], [138.43523, 35.92009], [138.43382, 35.92266], [138.42991, 35.92804], [138.4242, 35.93521], [138.42283, 35.93648], [138.42269, 35.93738], [138.42399, 35.93811], [138.42449, 35.93763], [138.42341, 35.93708], [138.42378, 35.93675], [138.42341, 35.93708], [138.42278, 35.93671], [138.42432, 35.93506], [138.42249, 35.93529], [138.42185, 35.93518], [138.42037, 35.93298], [138.41667, 35.93062], [138.41573, 35.9307], [138.41493, 35.93206], [138.41401, 35.93221]]}, "properties": {"id": 44, "name": "八ヶ岳高原ライン", "prefecture": "山梨県", "start_label": "八ヶ岳高原大橋", "end_label": "東沢大橋", "mentions": 2, "confidence": 1.0, "length_m": 7947.009422497636, "curviness": 0.30043934580836823, "summary": "八ヶ岳南麓を東西に走る定番ツーリングルート。八ヶ岳高原大橋や赤い東沢大橋からの絶景、富士山の眺望が見所です。", "geo_status": "ok", "geo_error": null, "stroke": "#1e88e5", "stroke-width": 4}}, {"type": "Feature", "geometry": {"type": "LineString", "coordinates": [[138.45376, 35.94504], [138.45356, 35.9448], [138.4553, 35.94462], [138.45705, 35.94406], [138.45864, 35.94023], [138.45954, 35.93984], [138.46066, 35.93976], [138.46116, 35.93875], [138.46219, 35.93827], [138.46275, 35.93766], [138.46223, 35.93683], [138.4633, 35.93631], [138.46336, 35.93602], [138.46137, 35.93488], [138.46115, 35.93411], [138.45975, 35.93321], [138.45955, 35.93223]]}, "properties": {"id": 45, "name": "平沢峠", "prefecture": "長野県", "start_label": "JR鉄道最高地点", "end_label": "平沢峠（獅子岩展望台）", "mentions": 2, "confidence": 1.0, "length_m": 2179.3098662958555, "curviness": 0.5053627534743814, "summary": "野辺山高原に位置し、目の前に八ヶ岳の大パノラマが広がる穴場の絶景峠。獅子岩からの展望も素晴らしいです。", "geo_status": "ok", "geo_error": null, "stroke": "#1e88e5", "stroke-width": 4}}, {"type": "Feature", "geometry": {"type": "LineString", "coordinates": [[138.14071, 35.98862], [138.1405, 35.98888], [138.14134, 35.98937], [138.1427, 35.98864], [138.14559, 35.98903], [138.14991, 35.98669], [138.15382, 35.9853], [138.15763, 35.98473], [138.16068, 35.98508], [138.1642, 35.98169], [138.16639, 35.97919], [138.16779, 35.97898], [138.16953, 35.97709], [138.16987, 35.97713], [138.17079, 35.97645], [138.17245, 35.97585], [138.17404, 35.97571], [138.17634, 35.97477], [138.18142, 35.97326], [138.18684, 35.96926], [138.18843, 35.96871], [138.18907, 35.96757], [138.19034, 35.96701], [138.19268, 35.96653], [138.19583, 35.96637], [138.19724, 35.96599], [138.21581, 35.96479], [138.21676, 35.96421], [138.21857, 35.96366], [138.22182, 35.96124], [138.22532, 35.96035], [138.23121, 35.95686], [138.23641, 35.95526], [138.23826, 35.95412], [138.23869, 35.9534], [138.23848, 35.95243], [138.23871, 35.95152], [138.23954, 35.94964], [138.24196, 35.94719], [138.2439, 35.9446], [138.24463, 35.9442], [138.24784, 35.94384], [138.26079, 35.93566], [138.26385, 35.93139]]}, "properties": {"id": 46, "name": "八ヶ岳エコーライン", "prefecture": "長野県", "start_label": "安国寺IC", "end_label": "立沢大橋", "mentions": 2, "confidence": 1.0, "length_m": 13853.198663113822, "curviness": 0.11945822091674184, "summary": "八ヶ岳西麓の高原地帯を走り抜ける爽快な広域農道で、八ヶ岳連峰を望むダイナミックな車窓が楽しめます。", "geo_status": "ok", "geo_error": null, "stroke": "#1e88e5", "stroke-width": 4}}, {"type": "Feature", "geometry": {"type": "LineString", "coordinates": [[138.75654, 35.85909], [138.75647, 35.85846], [138.75689, 35.85842], [138.75673, 35.8609], [138.75603, 35.86152], [138.75404, 35.86212], [138.75377, 35.86271], [138.75405, 35.86331], [138.75463, 35.86359], [138.75533, 35.86356], [138.75713, 35.86262], [138.7577, 35.86169], [138.75788, 35.86009], [138.75868, 35.85956], [138.75973, 35.85965], [138.76154, 35.86034], [138.76298, 35.8613], [138.76409, 35.86251], [138.76452, 35.86231], [138.76482, 35.8618], [138.76464, 35.86273], [138.76515, 35.86333], [138.76593, 35.86354], [138.76662, 35.86463], [138.76632, 35.86569], [138.76563, 35.86615], [138.76552, 35.86661], [138.76583, 35.86674], [138.76595, 35.86638], [138.76641, 35.8663], [138.76655, 35.86693], [138.76799, 35.86771], [138.768, 35.86815], [138.76689, 35.86817], [138.76683, 35.86852], [138.76869, 35.87024], [138.76971, 35.87202], [138.76954, 35.87265], [138.76971, 35.87446], [138.77015, 35.87486], [138.77164, 35.87494], [138.77015, 35.87486], [138.76971, 35.87446], [138.76954, 35.87265], [138.76971, 35.87202], [138.76869, 35.87024], [138.76683, 35.86852], [138.76689, 35.86817], [138.768, 35.86815], [138.76799, 35.86771], [138.76655, 35.86693], [138.76641, 35.8663], [138.76595, 35.86638], [138.76583, 35.86674], [138.76552, 35.86661], [138.76563, 35.86615], [138.76632, 35.86569], [138.76662, 35.86463], [138.76593, 35.86354], [138.76515, 35.86333], [138.76464, 35.86273], [138.76482, 35.8618], [138.76452, 35.86231], [138.76409, 35.86251], [138.76298, 35.8613], [138.76176, 35.86046], [138.76022, 35.85979], [138.75892, 35.85953], [138.75791, 35.86004], [138.75764, 35.86188], [138.75691, 35.86279], [138.75499, 35.86361], [138.75425, 35.86345], [138.7538, 35.86291], [138.75416, 35.86202], [138.75603, 35.86152], [138.75673, 35.8609], [138.75693, 35.85923], [138.75676, 35.85687], [138.7576, 35.85566], [138.75766, 35.85452], [138.7586, 35.85354], [138.75859, 35.85239], [138.75943, 35.85036], [138.76383, 35.84415], [138.76406, 35.84337], [138.76398, 35.84154], [138.76473, 35.84013], [138.76661, 35.83904], [138.76675, 35.83756], [138.76589, 35.83578], [138.76544, 35.83365], [138.7645, 35.83269], [138.76427, 35.83212], [138.76428, 35.83144], [138.76513, 35.82931], [138.76479, 35.82799], [138.7637, 35.82679], [138.76292, 35.82467], [138.7615, 35.8235], [138.76097, 35.82259], [138.75925, 35.82127], [138.75714, 35.81879], [138.75696, 35.81742], [138.75584, 35.81645], [138.75512, 35.81452], [138.75193, 35.8113], [138.7514, 35.80953], [138.7514, 35.80759], [138.75106, 35.80606], [138.75055, 35.80416], [138.74966, 35.80231], [138.7466, 35.7985], [138.74099, 35.79593], [138.73985, 35.79514], [138.73925, 35.79401], [138.73876, 35.79079], [138.73827, 35.78993], [138.73684, 35.78847], [138.73655, 35.78765], [138.73668, 35.78673], [138.73878, 35.78352], [138.73927, 35.78141], [138.73865, 35.77937], [138.73867, 35.77447], [138.73668, 35.76952], [138.73618, 35.76586], [138.73556, 35.76517], [138.73301, 35.76349], [138.73223, 35.76072], [138.73133, 35.75965], [138.72781, 35.75833], [138.7272, 35.75771], [138.72629, 35.75608], [138.72534, 35.75541], [138.72216, 35.75491], [138.71948, 35.75396], [138.71677, 35.75394], [138.716, 35.7537], [138.71515, 35.75292], [138.71449, 35.75065], [138.71359, 35.74922], [138.71244, 35.74831], [138.70974, 35.74689], [138.70877, 35.74589], [138.7075, 35.74138], [138.70754, 35.74038], [138.70825, 35.7392], [138.70972, 35.73829], [138.71026, 35.73678], [138.71162, 35.73552], [138.71199, 35.73186], [138.71148, 35.73099], [138.7091, 35.72924], [138.70684, 35.72595], [138.70548, 35.72205], [138.70524, 35.71869], [138.70373, 35.716], [138.70018, 35.71214], [138.69922, 35.71023], [138.69815, 35.7095], [138.6957, 35.70895], [138.69324, 35.70783], [138.68949, 35.70775], [138.6884, 35.70743], [138.68747, 35.70686], [138.68523, 35.70389], [138.6811, 35.70146], [138.67287, 35.6929], [138.66556, 35.68793], [138.66104, 35.68552], [138.65679, 35.68152], [138.65264, 35.67862], [138.64753, 35.67301], [138.64443, 35.67072], [138.64238, 35.66974], [138.64153, 35.66864], [138.6423, 35.6673], [138.64117, 35.66657], [138.64068, 35.66561], [138.64018, 35.66573], [138.63994, 35.66486], [138.63946, 35.66446], [138.6397, 35.66431], [138.63941, 35.66372], [138.63878, 35.66312], [138.63821, 35.66373], [138.63846, 35.66383], [138.63869, 35.66362]]}, "properties": {"id": 38, "name": "国道140号（雁坂みち）", "prefecture": "山梨県", "start_label": "道の駅 みとみ", "end_label": "出会いの丘", "mentions": 1, "confidence": 1.0, "length_m": 36750.300474682816, "curviness": 0.2682928258385348, "summary": "山梨と埼玉を結ぶ山岳国道。長大な雁坂トンネル内は夏場でも気温19度前後まで冷え込む天然のクーラー区間です。", "geo_status": "ok", "geo_error": null, "stroke": "#1e88e5", "stroke-width": 4}}, {"type": "Feature", "geometry": {"type": "LineString", "coordinates": [[138.80416, 35.89847], [138.81035, 35.90357], [138.81383, 35.90551], [138.81864, 35.90668], [138.82278, 35.90711], [138.8237, 35.90747], [138.82422, 35.90826], [138.82409, 35.90909], [138.8206, 35.91189], [138.82083, 35.91335], [138.8227, 35.91386], [138.8236, 35.9136], [138.82485, 35.91376], [138.82584, 35.91321], [138.82699, 35.9136], [138.82903, 35.91386], [138.8301, 35.91461], [138.8313, 35.9164], [138.83045, 35.91742], [138.83029, 35.9185], [138.83062, 35.91927], [138.83037, 35.92012], [138.83113, 35.92113], [138.83109, 35.92142], [138.82997, 35.92224], [138.82897, 35.92236], [138.82834, 35.9227], [138.82741, 35.92248], [138.8271, 35.92271], [138.82759, 35.92427], [138.82856, 35.92441], [138.82923, 35.92496], [138.8285, 35.92642], [138.82882, 35.92736], [138.82937, 35.92772], [138.83109, 35.92773], [138.83187, 35.92846], [138.83297, 35.92795], [138.83389, 35.92875], [138.83485, 35.92895], [138.83508, 35.92931], [138.83455, 35.92989], [138.83453, 35.93036], [138.8353, 35.93072], [138.8356, 35.93124], [138.83696, 35.93151], [138.83733, 35.93202], [138.83843, 35.93186], [138.83849, 35.93254], [138.84036, 35.93405], [138.8418, 35.93434], [138.84248, 35.93486], [138.84418, 35.93513], [138.84645, 35.93649], [138.8469, 35.93763], [138.84741, 35.93801], [138.84918, 35.93798], [138.85036, 35.93754], [138.85121, 35.93751], [138.8533, 35.93852], [138.85425, 35.93965], [138.8563, 35.9457], [138.85859, 35.94919], [138.8614, 35.95194], [138.86985, 35.95895], [138.87137, 35.95968], [138.87724, 35.96], [138.87816, 35.95976], [138.88029, 35.95844], [138.88183, 35.95795], [138.88553, 35.95773], [138.88665, 35.9579], [138.88802, 35.95755], [138.88983, 35.95753], [138.89162, 35.95702], [138.89224, 35.95722], [138.89329, 35.95827], [138.89386, 35.95831], [138.89455, 35.95797], [138.89643, 35.95828], [138.89862, 35.9579], [138.89643, 35.95828], [138.89552, 35.95819], [138.89723, 35.95869], [138.90048, 35.95847], [138.90122, 35.95824], [138.90191, 35.95906], [138.9024, 35.95913], [138.90321, 35.95847], [138.90414, 35.95819], [138.90451, 35.95773], [138.90445, 35.95567], [138.90386, 35.95524], [138.90321, 35.95528], [138.90281, 35.95556], [138.90264, 35.95606], [138.90263, 35.95711], [138.90292, 35.95756], [138.90365, 35.95774], [138.90525, 35.95748], [138.90747, 35.95784], [138.91066, 35.95573], [138.91513, 35.95536], [138.91601, 35.95389], [138.91755, 35.95332], [138.9194, 35.95313], [138.92255, 35.9513], [138.92389, 35.95155], [138.92453, 35.95196], [138.92702, 35.95273], [138.92748, 35.95355], [138.92788, 35.9537], [138.9289, 35.95331], [138.92962, 35.95186], [138.93198, 35.95103], [138.93253, 35.95166], [138.93354, 35.95185], [138.93546, 35.953], [138.93849, 35.95327], [138.93947, 35.95232], [138.93959, 35.95188], [138.93826, 35.94913], [138.93839, 35.94821], [138.94063, 35.9474], [138.94177, 35.94675], [138.94277, 35.94528], [138.94221, 35.94417], [138.94242, 35.9436], [138.94416, 35.94269], [138.94484, 35.94191], [138.94572, 35.94161], [138.94668, 35.94076], [138.94677, 35.93925], [138.94585, 35.93794], [138.94464, 35.93678], [138.94474, 35.93648], [138.94521, 35.93635], [138.95016, 35.93713], [138.9522, 35.9381], [138.95366, 35.9384], [138.95463, 35.9389], [138.9553, 35.94055], [138.9562, 35.94102], [138.95752, 35.94085], [138.95832, 35.93887], [138.96064, 35.93676], [138.96651, 35.94016], [138.96731, 35.94177], [138.96652, 35.94378], [138.9693, 35.94608], [138.96943, 35.94657], [138.966, 35.949], [138.96398, 35.94977], [138.96288, 35.95078], [138.9627, 35.95142], [138.96396, 35.95394], [138.96263, 35.95515], [138.96255, 35.95557], [138.96652, 35.95855], [138.9691, 35.95892], [138.97084, 35.95989], [138.9727, 35.9605], [138.9743, 35.96148], [138.97477, 35.96203], [138.97571, 35.96226], [138.97791, 35.9635], [138.9788, 35.96385], [138.97989, 35.96393], [138.981, 35.96449], [138.98244, 35.96439], [138.98447, 35.96365], [138.98542, 35.96369], [138.98641, 35.96403], [138.98792, 35.96406], [138.99243, 35.96212], [138.99464, 35.96164], [138.99639, 35.9618], [138.99758, 35.96236], [139.00027, 35.96195], [139.00535, 35.95876], [139.00901, 35.95804], [139.01159, 35.95712], [139.01353, 35.9567], [139.01309, 35.95636], [139.01242, 35.95461], [139.01269, 35.95454]]}, "properties": {"id": 42, "name": "国道140号（雁坂みち・彩甲斐街道）", "prefecture": "埼玉県", "start_label": "雁坂トンネル（山梨側坑口）", "end_label": "道の駅あらかわ", "mentions": 1, "confidence": 1.0, "length_m": 32898.73353860153, "curviness": 0.3013078213074124, "summary": "山梨県と埼玉県を結ぶ山岳バイパスルート。山深い大自然と巨大な滝沢ダム、長い雁坂トンネルが特徴の爽快なドライブ・ツーリングコースです。", "geo_status": "ok", "geo_error": null, "stroke": "#1e88e5", "stroke-width": 4}}, {"type": "Feature", "geometry": {"type": "LineString", "coordinates": [[138.2108, 35.93728], [138.2065, 35.9435], [138.20013, 35.95049], [138.1965, 35.95661], [138.19483, 35.95873], [138.18879, 35.96389], [138.18569, 35.96768], [138.18433, 35.96895], [138.18245, 35.97002], [138.17796, 35.97158], [138.1766, 35.97245], [138.17577, 35.97329], [138.17489, 35.97498], [138.1743, 35.97959], [138.17373, 35.98077], [138.17278, 35.98186], [138.17083, 35.98308], [138.16809, 35.98393], [138.16499, 35.98437], [138.15853, 35.98447], [138.15538, 35.98478], [138.15137, 35.98579], [138.14775, 35.98743], [138.14382, 35.99006], [138.14031, 35.99294], [138.13841, 35.99501], [138.13575, 35.99873], [138.13394, 36.00046], [138.13214, 36.00163], [138.13098, 36.00207], [138.12907, 36.00184], [138.12842, 36.00216], [138.12795, 36.0032], [138.12786, 36.00577], [138.12819, 36.0065], [138.12888, 36.00715], [138.13022, 36.00789], [138.13317, 36.00295], [138.13772, 35.99689], [138.14036, 35.99431], [138.1452, 35.99154], [138.14419, 35.99004], [138.14619, 35.98862], [138.15064, 35.98637], [138.15382, 35.9853], [138.15763, 35.98473], [138.16068, 35.98508], [138.1642, 35.98169], [138.16639, 35.97919], [138.16779, 35.97898], [138.16953, 35.97709], [138.16987, 35.97713], [138.17079, 35.97645], [138.17245, 35.97585], [138.17404, 35.97571], [138.17634, 35.97477], [138.18142, 35.97326], [138.18684, 35.96926], [138.18843, 35.96871], [138.18914, 35.96752], [138.19045, 35.96698], [138.19268, 35.96653], [138.19583, 35.96637], [138.19724, 35.96599], [138.21581, 35.96479], [138.21676, 35.96421], [138.21865, 35.96362], [138.22182, 35.96124], [138.22526, 35.96037], [138.22629, 35.95985], [138.22572, 35.96382], [138.23024, 35.96425], [138.23211, 35.96416], [138.23431, 35.96502], [138.23824, 35.96506], [138.24042, 35.96556], [138.24173, 35.96635], [138.24283, 35.96667], [138.24137, 35.97226], [138.24148, 35.97398], [138.24227, 35.97601], [138.24148, 35.97398], [138.24137, 35.97226], [138.24283, 35.96667], [138.24483, 35.96698], [138.24904, 35.96719], [138.25033, 35.9669], [138.25169, 35.96712], [138.2547, 35.96701], [138.25914, 35.96733], [138.26216, 35.96693], [138.26571, 35.96749], [138.26706, 35.96857], [138.26769, 35.96875], [138.27574, 35.96756]]}, "properties": {"id": 43, "name": "八ヶ岳ズームライン", "prefecture": "長野県", "start_label": "諏訪南IC前交差点", "end_label": "鉢巻道路交点", "mentions": 1, "confidence": 1.0, "length_m": 30206.387165976757, "curviness": 0.11360301531056345, "summary": "八ヶ岳西麓に向かって直線状に伸びる爽快な快走路。八ヶ岳のダイナミックな山並みを正面に見ながら走ることができます。", "geo_status": "suspect", "geo_error": "距離が想定と合いません（経路 30 km / 想定 8 km）", "stroke": "#e53935", "stroke-width": 4}}, {"type": "Feature", "geometry": {"type": "LineString", "coordinates": [[139.25842, 35.79017], [139.25825, 35.78918], [139.25589, 35.78989], [139.25018, 35.79024], [139.24953, 35.79059], [139.24871, 35.79065], [139.244, 35.79006], [139.24077, 35.78938], [139.23676, 35.78698], [139.23599, 35.78381], [139.23451, 35.78311], [139.23379, 35.7831], [139.23204, 35.78467], [139.22909, 35.78874], [139.22867, 35.79069], [139.228, 35.79168], [139.22783, 35.79281], [139.2259, 35.79543], [139.22423, 35.79614], [139.22068, 35.79986], [139.21251, 35.80685], [139.21064, 35.80684], [139.20624, 35.80547], [139.20316, 35.805], [139.19935, 35.80482], [139.19514, 35.80431], [139.19382, 35.80445], [139.18819, 35.8059], [139.18685, 35.80548], [139.18587, 35.80448], [139.18485, 35.80201], [139.18431, 35.80148], [139.17748, 35.80092], [139.1768, 35.80126], [139.17652, 35.80208], [139.17737, 35.80629], [139.17703, 35.80712], [139.17564, 35.80779], [139.17443, 35.80791], [139.17329, 35.80739], [139.17199, 35.80618], [139.17096, 35.80616], [139.16978, 35.80753], [139.16932, 35.80897], [139.16838, 35.81065], [139.16516, 35.81321], [139.16379, 35.81348], [139.16308, 35.81321], [139.16205, 35.81221], [139.1618, 35.81016], [139.16099, 35.80946], [139.16003, 35.80934], [139.15825, 35.80998], [139.15578, 35.812], [139.15525, 35.81415], [139.15435, 35.81571], [139.14909, 35.81576], [139.14813, 35.81547], [139.14727, 35.81461], [139.14638, 35.8145], [139.14298, 35.81584], [139.1397, 35.81589], [139.13844, 35.81572], [139.13686, 35.81506], [139.13511, 35.81464], [139.13477, 35.81391], [139.13493, 35.81371], [139.1345, 35.81339], [139.13477, 35.81225], [139.13435, 35.81178], [139.12777, 35.80933], [139.12451, 35.80858], [139.12037, 35.80803], [139.11812, 35.80721], [139.11607, 35.80558], [139.11449, 35.80271], [139.11258, 35.8017], [139.1114, 35.8016], [139.10897, 35.8021], [139.10562, 35.80112], [139.10328, 35.8021], [139.10167, 35.80231], [139.09258, 35.80097], [139.09062, 35.80051], [139.09008, 35.80091], [139.08863, 35.80084], [139.08738, 35.80173], [139.08559, 35.80179], [139.08461, 35.80094], [139.0846, 35.79936], [139.08427, 35.79886], [139.08365, 35.7988], [139.08173, 35.79941], [139.07899, 35.79811], [139.07764, 35.79776], [139.07427, 35.79569], [139.07328, 35.79395], [139.07244, 35.79359], [139.06921, 35.79473], [139.06709, 35.79467], [139.06536, 35.79489], [139.06326, 35.79423], [139.05968, 35.79422], [139.05822, 35.79306], [139.05795, 35.79316], [139.05732, 35.79432], [139.05256, 35.79393], [139.0513, 35.79421], [139.05042, 35.79364], [139.0482, 35.79387], [139.04751, 35.79422], [139.04691, 35.79424], [139.04246, 35.79003], [139.0427, 35.78934], [139.04424, 35.78904], [139.04544, 35.78797], [139.04536, 35.78764], [139.04405, 35.78678], [139.04272, 35.78679], [139.0425, 35.7866], [139.04262, 35.78623], [139.04413, 35.78545], [139.04468, 35.78402], [139.0439, 35.78349], [139.04195, 35.78425], [139.03911, 35.78425], [139.03686, 35.78377], [139.03566, 35.78253]]}, "properties": {"id": 47, "name": "青梅街道", "prefecture": "東京都", "start_label": "青梅市街", "end_label": "奥多摩湖", "mentions": 1, "confidence": 1.0, "length_m": 27918.512777500397, "curviness": 0.21702363195326604, "summary": "都心方面から奥多摩湖へ向かう定番ルートで、多摩川沿いの緑豊かな走りやすい道です。", "geo_status": "ok", "geo_error": null, "stroke": "#1e88e5", "stroke-width": 4}}, {"type": "Feature", "geometry": {"type": "LineString", "coordinates": [[139.04282, 35.72737], [139.04119, 35.72704], [139.04033, 35.72715], [139.04043, 35.7274], [139.04136, 35.72774], [139.04144, 35.72803], [139.04004, 35.73027], [139.04016, 35.73274], [139.04057, 35.73284], [139.04097, 35.73265], [139.04231, 35.73075], [139.04305, 35.73043], [139.04331, 35.72969], [139.04372, 35.72961], [139.04387, 35.72984], [139.04328, 35.7307], [139.04258, 35.73105], [139.04152, 35.73319], [139.04084, 35.7338], [139.03981, 35.7339], [139.03984, 35.73478], [139.03819, 35.73502], [139.03699, 35.73492], [139.03638, 35.73532], [139.03561, 35.73539], [139.03209, 35.73676], [139.03179, 35.73663], [139.03171, 35.73603], [139.03095, 35.73517], [139.03048, 35.73513], [139.03035, 35.73537], [139.03126, 35.73611], [139.03117, 35.73708], [139.0318, 35.73769], [139.03343, 35.73718], [139.0346, 35.73757], [139.03573, 35.7372], [139.03619, 35.73671], [139.03717, 35.73682], [139.03728, 35.73709], [139.03689, 35.73787], [139.03817, 35.73837], [139.03825, 35.73965], [139.03854, 35.73995], [139.03891, 35.73979], [139.03943, 35.73901], [139.04019, 35.73871], [139.04015, 35.73793], [139.04118, 35.7378], [139.04129, 35.73697], [139.04161, 35.73697], [139.04279, 35.7379], [139.04313, 35.73788], [139.0437, 35.7374], [139.04414, 35.7376], [139.04439, 35.73851], [139.04279, 35.73985], [139.04255, 35.74056], [139.04197, 35.74118], [139.04199, 35.74231], [139.04371, 35.74277], [139.04331, 35.74361], [139.04204, 35.74387], [139.04181, 35.74409], [139.04223, 35.74475], [139.04221, 35.74568], [139.04263, 35.74654], [139.04163, 35.74721], [139.04132, 35.74918], [139.03997, 35.7502], [139.04038, 35.75082], [139.04066, 35.75261], [139.04208, 35.75325], [139.0431, 35.7552], [139.04325, 35.75713], [139.04434, 35.75734], [139.04484, 35.75767], [139.04567, 35.75769], [139.04621, 35.7579], [139.04626, 35.75816], [139.04433, 35.75823], [139.0437, 35.75967], [139.04158, 35.75968], [139.03936, 35.76012], [139.03831, 35.7621], [139.03853, 35.76417], [139.03759, 35.76555], [139.03605, 35.76553], [139.03503, 35.76575], [139.03451, 35.7663], [139.03376, 35.76656], [139.03356, 35.76635], [139.03393, 35.76542], [139.03491, 35.76401], [139.03457, 35.76293], [139.0365, 35.76073], [139.03667, 35.76011], [139.03635, 35.75931], [139.03473, 35.75913], [139.03415, 35.75872], [139.03476, 35.75805], [139.03606, 35.75774], [139.03559, 35.75673], [139.03574, 35.75639], [139.0373, 35.75618], [139.0376, 35.75602], [139.03761, 35.75572], [139.03691, 35.75524], [139.03628, 35.75435], [139.03544, 35.75496], [139.03364, 35.75559], [139.03317, 35.75556], [139.03256, 35.75511], [139.03111, 35.75556], [139.03013, 35.75554], [139.02866, 35.75664], [139.0282, 35.75756], [139.02733, 35.75836], [139.02674, 35.75771], [139.02729, 35.75704], [139.02801, 35.7547], [139.02778, 35.75438], [139.0273, 35.75441], [139.0256, 35.75597], [139.02397, 35.75664], [139.0234, 35.75842], [139.02389, 35.75949], [139.02396, 35.7605], [139.02165, 35.76047], [139.02118, 35.76071], [139.02171, 35.76167], [139.02125, 35.76376], [139.02085, 35.76382], [139.01963, 35.76326], [139.01916, 35.76346], [139.01918, 35.7639], [139.01998, 35.76497], [139.02109, 35.76571], [139.02007, 35.76678], [139.02037, 35.76767], [139.01927, 35.76771], [139.01898, 35.76798], [139.02017, 35.7693], [139.01998, 35.77035], [139.02042, 35.77151], [139.01854, 35.77218], [139.01737, 35.77196], [139.01727, 35.77231], [139.01785, 35.77348], [139.01714, 35.77394], [139.01599, 35.7741], [139.01587, 35.77477], [139.01537, 35.77517], [139.01504, 35.77522], [139.01443, 35.77488], [139.01361, 35.77503], [139.0126, 35.77439], [139.01201, 35.77522], [139.01107, 35.77523], [139.00979, 35.77623], [139.0091, 35.7764], [139.00798, 35.77595], [139.00744, 35.77403], [139.00482, 35.7733], [139.00306, 35.77202], [139.00235, 35.77177], [138.9999, 35.77221], [138.99749, 35.77325], [138.99697, 35.77139], [138.99859, 35.76812], [138.99814, 35.7676], [138.99609, 35.76777], [138.99466, 35.76735], [138.99408, 35.76738], [138.99292, 35.7654], [138.99228, 35.76498], [138.99309, 35.76273], [138.99108, 35.76229], [138.99032, 35.76126], [138.98925, 35.76133], [138.98795, 35.76186], [138.98564, 35.7621], [138.98484, 35.76234], [138.98393, 35.76302], [138.98316, 35.76319], [138.98106, 35.7622], [138.98056, 35.76113], [138.97976, 35.76088], [138.97905, 35.76015], [138.9745, 35.76065], [138.97274, 35.7606], [138.97041, 35.76], [138.96816, 35.76093], [138.96739, 35.76066], [138.96625, 35.75942], [138.96695, 35.76001], [138.96895, 35.75893], [138.97021, 35.75931], [138.9712, 35.75921], [138.97222, 35.76032], [138.97302, 35.76062], [138.97463, 35.76065], [138.97905, 35.76015], [138.97976, 35.76088], [138.98056, 35.76113], [138.98106, 35.7622], [138.98316, 35.76319], [138.98393, 35.76302], [138.98484, 35.76234], [138.98564, 35.7621], [138.98795, 35.76186], [138.98925, 35.76133], [138.99032, 35.76126], [138.99108, 35.76229], [138.99309, 35.76273], [138.99228, 35.76498], [138.99292, 35.7654], [138.99408, 35.76738], [138.99466, 35.76735], [138.99609, 35.76777], [138.99814, 35.7676], [138.99859, 35.76812], [138.99697, 35.77139], [138.99749, 35.77325], [138.9999, 35.77221], [139.00235, 35.77177], [139.00306, 35.77202], [139.00482, 35.7733], [139.00744, 35.77403], [139.00796, 35.77592], [139.00891, 35.77635], [139.00967, 35.7763], [139.01107, 35.77523], [139.01201, 35.77522], [139.0126, 35.77439], [139.01361, 35.77503], [139.01451, 35.77489], [139.01525, 35.77526], [139.0159, 35.7748], [139.01599, 35.77415], [139.01706, 35.774], [139.01788, 35.7735], [139.01738, 35.77201], [139.01854, 35.77218], [139.02042, 35.77151], [139.01998, 35.77035], [139.02017, 35.7693], [139.01898, 35.76798], [139.01927, 35.76771], [139.02037, 35.76767], [139.02007, 35.76678], [139.02109, 35.76571], [139.01998, 35.76497], [139.01918, 35.7639], [139.01916, 35.76346], [139.01963, 35.76326], [139.02072, 35.76381], [139.0213, 35.76378], [139.02171, 35.76167], [139.02118, 35.76071], [139.02165, 35.76047], [139.02398, 35.76054], [139.02389, 35.75949], [139.0234, 35.75854], [139.02397, 35.75664], [139.0256, 35.75597], [139.0273, 35.75441], [139.02778, 35.75438], [139.02801, 35.7547], [139.02729, 35.75704], [139.02669, 35.75772], [139.02732, 35.75839], [139.02775, 35.75816], [139.02866, 35.75664], [139.03013, 35.75554], [139.03111, 35.75556], [139.03256, 35.75511], [139.03317, 35.75556], [139.03364, 35.75559], [139.03544, 35.75496], [139.03628, 35.75435], [139.03691, 35.75524], [139.03761, 35.75572], [139.0376, 35.75602], [139.0373, 35.75618], [139.03574, 35.75639], [139.03559, 35.75673], [139.03606, 35.75774], [139.03476, 35.75805], [139.03415, 35.75872], [139.03473, 35.75913], [139.03635, 35.75931], [139.03667, 35.76011], [139.0365, 35.76073], [139.03457, 35.76293], [139.03491, 35.76401], [139.03393, 35.76542], [139.03351, 35.76669], [139.03355, 35.76648], [139.03377, 35.76659], [139.0345, 35.76636], [139.03508, 35.76577], [139.03759, 35.76555], [139.03853, 35.76417], [139.03831, 35.7621], [139.03936, 35.76012], [139.04158, 35.75968], [139.0437, 35.75967], [139.04433, 35.75828], [139.04628, 35.75822], [139.04629, 35.75794], [139.04593, 35.75776], [139.04484, 35.75767], [139.04434, 35.75734], [139.04325, 35.75713], [139.0431, 35.7552], [139.04211, 35.75322], [139.04072, 35.75263], [139.04038, 35.75082], [139.03997, 35.7502], [139.04053, 35.74961], [139.04137, 35.7492], [139.04166, 35.74724], [139.0427, 35.74651], [139.04228, 35.74579], [139.04229, 35.74474], [139.04186, 35.7441], [139.04334, 35.74365], [139.04378, 35.74279], [139.04352, 35.74255], [139.04206, 35.74232], [139.04203, 35.74115], [139.04256, 35.74064], [139.04281, 35.73988], [139.04362, 35.73901], [139.04442, 35.73856], [139.04413, 35.7375], [139.04366, 35.73737], [139.04282, 35.73786], [139.04159, 35.73691], [139.04129, 35.73692], [139.04114, 35.73777], [139.04011, 35.73791], [139.04012, 35.73872], [139.0394, 35.73898], [139.03855, 35.73991], [139.03828, 35.73959], [139.03821, 35.73835], [139.03717, 35.73812], [139.03689, 35.73787], [139.03728, 35.73709], [139.03717, 35.73682], [139.03619, 35.73671], [139.03573, 35.7372], [139.0346, 35.73757], [139.03343, 35.73718], [139.03178, 35.73764], [139.03121, 35.73704], [139.03128, 35.73605], [139.03041, 35.73541], [139.03055, 35.73515], [139.03091, 35.7352], [139.03163, 35.73599], [139.03175, 35.73666], [139.03219, 35.73679], [139.03291, 35.73633], [139.03441, 35.73603], [139.03576, 35.73538], [139.03637, 35.73537], [139.03694, 35.73497], [139.0388, 35.73499], [139.03993, 35.73478], [139.03982, 35.73396], [139.04088, 35.73381], [139.04157, 35.73319], [139.0426, 35.73107], [139.0433, 35.73074], [139.04391, 35.72986], [139.04374, 35.72958], [139.04327, 35.72967], [139.04305, 35.73043], [139.04231, 35.73075], [139.04097, 35.73265], [139.04057, 35.73284], [139.04016, 35.73274], [139.04004, 35.73027], [139.04144, 35.72803], [139.04122, 35.72764], [139.04036, 35.72735], [139.04038, 35.7271], [139.04119, 35.72704], [139.04219, 35.72735], [139.04324, 35.72738], [139.04408, 35.7269], [139.04527, 35.72709], [139.04651, 35.72636], [139.04723, 35.72672], [139.04935, 35.72629], [139.05, 35.72635], [139.05106, 35.72587], [139.05215, 35.72496], [139.05447, 35.72439], [139.05513, 35.72382], [139.0568, 35.72398], [139.05911, 35.72472], [139.06099, 35.72421], [139.06156, 35.72366], [139.06413, 35.72337], [139.06425, 35.72288], [139.06383, 35.72147], [139.06536, 35.72033], [139.06633, 35.71913], [139.06744, 35.71874], [139.06806, 35.71915], [139.06947, 35.71879], [139.07031, 35.71908], [139.07093, 35.71811], [139.0712, 35.71707], [139.0723, 35.7167], [139.07294, 35.71699], [139.07418, 35.71708], [139.0747, 35.71654], [139.07389, 35.71522], [139.07518, 35.71446], [139.07622, 35.71337], [139.07828, 35.71297], [139.07929, 35.71313], [139.08045, 35.71431], [139.08127, 35.71396], [139.08201, 35.71291], [139.08391, 35.71228], [139.08677, 35.71352], [139.08788, 35.71354], [139.08911, 35.71279], [139.09003, 35.71267], [139.0908, 35.71229], [139.09185, 35.71153], [139.09322, 35.7099], [139.09404, 35.70976], [139.09453, 35.70929], [139.09531, 35.709], [139.09686, 35.70744], [139.09859, 35.70702], [139.09918, 35.70628], [139.10115, 35.7049], [139.10211, 35.70339], [139.10332, 35.70309], [139.10448, 35.70217], [139.10511, 35.70223], [139.10631, 35.70194], [139.10612, 35.70292], [139.10646, 35.70315], [139.10768, 35.70309], [139.10972, 35.70176], [139.11024, 35.70179], [139.11172, 35.70252]]}, "properties": {"id": 48, "name": "奥多摩周遊道路", "prefecture": "東京都", "start_label": "奥多摩湖（九頭竜橋交差点）", "end_label": "上川乗交差点", "mentions": 1, "confidence": 1.0, "length_m": 57163.01691441572, "curviness": 0.5555997196783278, "summary": "関東屈指のワインディングロードで、適度なカーブと山々・奥多摩湖の素晴らしい眺望が楽しめます。", "geo_status": "suspect", "geo_error": "距離が想定と合いません（経路 57 km / 想定 20 km）", "stroke": "#e53935", "stroke-width": 4}}, {"type": "Feature", "geometry": {"type": "LineString", "coordinates": [[139.11172, 35.70252], [139.11278, 35.70341], [139.1143, 35.70392], [139.11479, 35.70378], [139.1154, 35.70297], [139.11589, 35.70292], [139.11671, 35.70446], [139.11704, 35.70463], [139.11896, 35.7045], [139.11998, 35.70413], [139.12142, 35.7048], [139.12309, 35.70438], [139.12395, 35.70525], [139.12468, 35.70485], [139.125, 35.7035], [139.12555, 35.70308], [139.1261, 35.70299], [139.12728, 35.70355], [139.12781, 35.70354], [139.12793, 35.70231], [139.12853, 35.70248], [139.12993, 35.70363], [139.1312, 35.70432], [139.13148, 35.70416], [139.13145, 35.70357], [139.13204, 35.70263], [139.13306, 35.70158], [139.13404, 35.70185], [139.13584, 35.7019], [139.13538, 35.70293], [139.13603, 35.7032], [139.1372, 35.70313], [139.13913, 35.70153], [139.1406, 35.70234], [139.14177, 35.70269], [139.14361, 35.70476], [139.14705, 35.70572], [139.14798, 35.70631], [139.15284, 35.7057], [139.15329, 35.70581], [139.15346, 35.70648], [139.15249, 35.70793], [139.15255, 35.70868], [139.15154, 35.71034], [139.15101, 35.7106], [139.15046, 35.7103], [139.15002, 35.71032], [139.14933, 35.71082], [139.14906, 35.71159], [139.14895, 35.71303], [139.14941, 35.71443], [139.15052, 35.7151], [139.15164, 35.71622], [139.15001, 35.71827], [139.15011, 35.71891], [139.15085, 35.71948], [139.15079, 35.71984], [139.14882, 35.72193], [139.14847, 35.72197], [139.14796, 35.72144], [139.14694, 35.72155], [139.14671, 35.72182], [139.14696, 35.72252], [139.1468, 35.72298], [139.1451, 35.72339], [139.14489, 35.72363], [139.14517, 35.72481], [139.14579, 35.72488], [139.14666, 35.72461], [139.14699, 35.72474], [139.1474, 35.72662], [139.14856, 35.72664], [139.15221, 35.72586], [139.15456, 35.72563], [139.15684, 35.72589], [139.15792, 35.72578], [139.15849, 35.72539], [139.15821, 35.72432], [139.15863, 35.72392], [139.16155, 35.72351], [139.16303, 35.72356], [139.16338, 35.72332], [139.16359, 35.72248], [139.16565, 35.72225], [139.16744, 35.72251], [139.16886, 35.72297], [139.1691, 35.72353], [139.16884, 35.72455], [139.16915, 35.72485], [139.17174, 35.72431], [139.17351, 35.72311], [139.17591, 35.72298], [139.18074, 35.72438], [139.18113, 35.72467], [139.18184, 35.72599], [139.18289, 35.72645], [139.18538, 35.72671], [139.19007, 35.72604], [139.19081, 35.72662], [139.19119, 35.72807], [139.19235, 35.72819], [139.19335, 35.72898], [139.19584, 35.72918], [139.19681, 35.72993], [139.20037, 35.73053], [139.20132, 35.73037], [139.20307, 35.72948], [139.20409, 35.72821], [139.20591, 35.7277], [139.2065, 35.72722], [139.20936, 35.72622], [139.21003, 35.72623], [139.21413, 35.7274], [139.21813, 35.72789], [139.22025, 35.72768], [139.22186, 35.72791], [139.2229, 35.72822], [139.2249, 35.72974], [139.22827, 35.73155], [139.22844, 35.73169], [139.22808, 35.73189], [139.22843, 35.73224]]}, "properties": {"id": 49, "name": "檜原街道", "prefecture": "東京都", "start_label": "上川乗交差点", "end_label": "武蔵五日市駅周辺", "mentions": 1, "confidence": 1.0, "length_m": 17357.2404674891, "curviness": 0.40052165482907504, "summary": "奥多摩周遊道路からあきる野市街へ抜ける、秋川沿いの緑に囲まれたのどかな街道です。", "geo_status": "ok", "geo_error": null, "stroke": "#1e88e5", "stroke-width": 4}}, {"type": "Feature", "geometry": {"type": "LineString", "coordinates": [[138.76391, 35.57545], [138.76963, 35.57361], [138.77157, 35.57225], [138.77345, 35.57219], [138.77451, 35.57135], [138.77418, 35.57125], [138.77348, 35.57169], [138.77329, 35.57146], [138.77464, 35.57061], [138.77542, 35.57041], [138.7751, 35.57022], [138.77365, 35.57048], [138.77347, 35.57031], [138.77467, 35.56975], [138.77593, 35.56966], [138.77607, 35.56949], [138.77481, 35.56943], [138.77396, 35.5697], [138.77309, 35.56918], [138.77405, 35.56947], [138.77567, 35.56853], [138.77608, 35.56792], [138.77726, 35.56791], [138.77876, 35.56691], [138.78034, 35.56646], [138.78105, 35.56655], [138.78151, 35.56726], [138.78167, 35.56579], [138.78227, 35.56711], [138.78249, 35.56711], [138.78234, 35.56579], [138.78264, 35.56678], [138.78386, 35.56744], [138.78393, 35.56808], [138.78302, 35.56889], [138.78338, 35.5698], [138.78369, 35.56968], [138.78334, 35.56895], [138.78399, 35.56857], [138.78513, 35.56835], [138.78537, 35.56754], [138.78559, 35.56824], [138.78581, 35.56816], [138.78571, 35.56766], [138.7859, 35.56751], [138.78606, 35.56836], [138.78638, 35.56837], [138.78619, 35.56773], [138.78674, 35.56722], [138.785, 35.56651], [138.78517, 35.56542], [138.78456, 35.56491], [138.78475, 35.56444], [138.78567, 35.56439], [138.78546, 35.56364], [138.78687, 35.56272], [138.78574, 35.56242], [138.78554, 35.56173], [138.78462, 35.56178], [138.7845, 35.56108], [138.78374, 35.5607], [138.78374, 35.55643]]}, "properties": {"id": 54, "name": "御坂みち（旧御坂峠）", "prefecture": "山梨県", "start_label": "藤野木", "end_label": "天下茶屋", "mentions": 1, "confidence": 1.0, "length_m": 7861.570224393794, "curviness": 0.947914643670409, "summary": "つづら折りのコーナーが続く旧峠道。峠の天下茶屋前からは富士山と河口湖を見渡す絶景が広がります。", "geo_status": "ok", "geo_error": null, "stroke": "#1e88e5", "stroke-width": 4}}, {"type": "Feature", "geometry": {"type": "LineString", "coordinates": [[138.73448, 35.70561], [138.73406, 35.70576], [138.7346, 35.70736], [138.73332, 35.70732], [138.73292, 35.70705], [138.73135, 35.70745], [138.73029, 35.70807], [138.731, 35.7096], [138.73276, 35.71094], [138.73359, 35.71223], [138.73603, 35.71423], [138.73816, 35.71542], [138.73844, 35.71534], [138.73919, 35.71687], [138.73987, 35.71752], [138.74196, 35.71814], [138.74701, 35.72072], [138.74953, 35.72107], [138.75245, 35.72217], [138.75334, 35.72277], [138.75638, 35.72571], [138.75775, 35.7263], [138.76342, 35.72756], [138.76881, 35.72834], [138.76971, 35.72895], [138.77078, 35.7304], [138.77319, 35.73127], [138.77662, 35.73103], [138.78029, 35.73175], [138.78184, 35.73229], [138.78302, 35.733], [138.78576, 35.73358], [138.79035, 35.73251], [138.79171, 35.73261], [138.7936, 35.73362], [138.79598, 35.73403], [138.79589, 35.73425], [138.79526, 35.73411], [138.7941, 35.73457], [138.79517, 35.73448], [138.79699, 35.73503], [138.79897, 35.73657], [138.79971, 35.73787], [138.80152, 35.73836], [138.80192, 35.73867], [138.80266, 35.74038], [138.80207, 35.74045], [138.80115, 35.73981], [138.80109, 35.74011], [138.80207, 35.74069], [138.80308, 35.74083], [138.80539, 35.74168], [138.80763, 35.74396], [138.80829, 35.7439], [138.80864, 35.74337], [138.80745, 35.7419], [138.80744, 35.7415], [138.80801, 35.74115], [138.80863, 35.74139], [138.80948, 35.74371], [138.80817, 35.7463], [138.80901, 35.74777], [138.80851, 35.74833], [138.80679, 35.74838], [138.8064, 35.74914], [138.80708, 35.75044], [138.80739, 35.75176], [138.80783, 35.75213], [138.80846, 35.75211], [138.80885, 35.75177], [138.80851, 35.75058], [138.80874, 35.75011], [138.80933, 35.74992], [138.8099, 35.75016], [138.81074, 35.75308], [138.80998, 35.75398], [138.80822, 35.75402], [138.80769, 35.7544], [138.80771, 35.75635], [138.80858, 35.75781], [138.80842, 35.75842], [138.80768, 35.75861], [138.80615, 35.75791], [138.80538, 35.75834], [138.8057, 35.76022], [138.80714, 35.7616], [138.80671, 35.76291], [138.80607, 35.76322], [138.80474, 35.76305], [138.80333, 35.76421], [138.80336, 35.7647], [138.80398, 35.76553], [138.80569, 35.76597], [138.80589, 35.76693], [138.8058, 35.7674], [138.80508, 35.76788], [138.80349, 35.76815], [138.80341, 35.76978], [138.80414, 35.77004], [138.80603, 35.76921], [138.80621, 35.76894], [138.80611, 35.76867], [138.80573, 35.76857], [138.80504, 35.76898], [138.80484, 35.77024], [138.80374, 35.77173], [138.80379, 35.77251], [138.80409, 35.77274], [138.80498, 35.77245], [138.80545, 35.77192], [138.80516, 35.77131], [138.80471, 35.7713], [138.80445, 35.77153], [138.8046, 35.77275], [138.80441, 35.77421], [138.80342, 35.77497], [138.80249, 35.77635], [138.80236, 35.77612], [138.80249, 35.77635], [138.80197, 35.77768], [138.80139, 35.77832], [138.80127, 35.77911], [138.80167, 35.77978], [138.80138, 35.78076], [138.80218, 35.78199], [138.801, 35.78299], [138.80098, 35.78461], [138.79946, 35.78683], [138.7994, 35.78802], [138.79965, 35.78827], [138.80039, 35.78841], [138.80065, 35.7892], [138.80135, 35.78892], [138.80176, 35.78906], [138.80217, 35.79048], [138.80244, 35.79046], [138.80234, 35.79003], [138.80271, 35.78986], [138.80419, 35.79084], [138.80437, 35.79176], [138.80515, 35.79268], [138.80504, 35.79313], [138.80435, 35.79364], [138.80449, 35.79401], [138.80578, 35.79408], [138.80669, 35.79477], [138.80628, 35.79419], [138.80643, 35.79402], [138.80745, 35.7951], [138.80916, 35.79539], [138.80985, 35.79652], [138.81108, 35.79778], [138.81269, 35.79752], [138.81311, 35.79789], [138.81442, 35.7981], [138.81546, 35.7987], [138.81737, 35.79934], [138.81893, 35.8005], [138.82039, 35.80061], [138.82123, 35.80144], [138.82255, 35.80176], [138.82332, 35.80256], [138.82434, 35.80288], [138.82691, 35.80551], [138.82867, 35.8064], [138.83182, 35.80646], [138.83284, 35.80592], [138.83577, 35.80526], [138.83712, 35.80608], [138.83863, 35.80558], [138.8404, 35.80599], [138.84221, 35.80487], [138.84488, 35.80428], [138.84519, 35.80441], [138.84608, 35.80574], [138.84858, 35.80561], [138.85168, 35.80366], [138.85193, 35.80333], [138.8518, 35.80264], [138.85206, 35.8025], [138.85237, 35.80266], [138.85259, 35.80349], [138.85347, 35.80359], [138.85348, 35.80416], [138.85391, 35.80484], [138.85392, 35.80672], [138.85409, 35.80543], [138.85454, 35.80519], [138.85761, 35.80678], [138.8598, 35.80707], [138.86317, 35.80642], [138.86458, 35.80524], [138.86508, 35.80018], [138.86549, 35.7987], [138.86545, 35.7975], [138.86593, 35.79684], [138.86581, 35.79569], [138.86684, 35.79505], [138.86808, 35.79493], [138.86903, 35.79565], [138.87035, 35.79562], [138.87154, 35.79605], [138.87172, 35.79629], [138.8716, 35.79741], [138.87205, 35.79793], [138.87518, 35.79917], [138.87756, 35.79881], [138.87888, 35.79793], [138.8808, 35.79716], [138.8818, 35.79595], [138.88375, 35.79505], [138.8872, 35.79504], [138.88921, 35.79538], [138.89167, 35.79669], [138.89521, 35.79798], [138.89626, 35.79678], [138.89829, 35.79621], [138.89902, 35.79545], [138.90158, 35.79422], [138.90411, 35.79413], [138.9052, 35.79461], [138.90782, 35.79476], [138.9103, 35.79544], [138.91256, 35.79439], [138.91384, 35.79433], [138.91494, 35.79402], [138.91561, 35.79348], [138.91632, 35.7923], [138.91717, 35.79174], [138.92056, 35.7908], [138.92305, 35.79078], [138.92358, 35.7902], [138.92464, 35.78968], [138.92385, 35.78951]]}, "properties": {"id": 56, "name": "大菩薩ライン", "prefecture": "山梨県", "start_label": "塩山（重ノ木交差点）", "end_label": "道の駅たばやま", "mentions": 1, "confidence": 1.0, "length_m": 35302.500183658485, "curviness": 0.41825878251410303, "summary": "柳沢峠を越えて富士山の絶景と適度なワインディングを楽しめる山梨の定番快走ルート。", "geo_status": "ok", "geo_error": null, "stroke": "#1e88e5", "stroke-width": 4}}, {"type": "Feature", "geometry": {"type": "LineString", "coordinates": [[138.92385, 35.78951], [138.92464, 35.78968], [138.92358, 35.7902], [138.92305, 35.79078], [138.92203, 35.79082], [138.92201, 35.78924], [138.92246, 35.78808], [138.92207, 35.78669], [138.92234, 35.78557], [138.92317, 35.78452], [138.92335, 35.78384], [138.92286, 35.78359], [138.92203, 35.78359], [138.91958, 35.78157], [138.91901, 35.78136], [138.91765, 35.78001], [138.91766, 35.77977], [138.91809, 35.77965], [138.91951, 35.78042], [138.92051, 35.78054], [138.92084, 35.77893], [138.92028, 35.77826], [138.92077, 35.77812], [138.92121, 35.77754], [138.92205, 35.77997], [138.923, 35.77983], [138.9248, 35.78031], [138.92483, 35.78014], [138.92412, 35.7798], [138.92256, 35.77949], [138.92242, 35.7791], [138.92258, 35.77897], [138.92278, 35.7793], [138.92398, 35.77938], [138.92486, 35.77975], [138.92535, 35.77939], [138.92479, 35.77957], [138.92309, 35.77897], [138.92306, 35.77798], [138.92272, 35.77758], [138.92382, 35.77603], [138.92383, 35.77545], [138.92316, 35.77509], [138.92382, 35.77425], [138.9243, 35.77295], [138.926, 35.77182], [138.92606, 35.77242], [138.92746, 35.77245], [138.92685, 35.77181], [138.92811, 35.76987], [138.92842, 35.76998], [138.92839, 35.77066], [138.92873, 35.77095], [138.92894, 35.77034], [138.9308, 35.76937], [138.93111, 35.7689], [138.93114, 35.76982], [138.93145, 35.76986], [138.93206, 35.76889], [138.93355, 35.76765], [138.93334, 35.76834], [138.93351, 35.76847], [138.93512, 35.76586], [138.93542, 35.76635], [138.93604, 35.76536], [138.93711, 35.76457], [138.93744, 35.76378], [138.93746, 35.76282], [138.93824, 35.76239], [138.93841, 35.76141], [138.93818, 35.76088], [138.9395, 35.76044], [138.94021, 35.75992], [138.93993, 35.75914], [138.9401, 35.75893], [138.94391, 35.7578], [138.94553, 35.75777], [138.9475, 35.75644], [138.94747, 35.75573], [138.94811, 35.75632], [138.94794, 35.75684], [138.94817, 35.75699], [138.94977, 35.75639], [138.95177, 35.75603], [138.95023, 35.75603], [138.95077, 35.75524], [138.95076, 35.75443], [138.95053, 35.75406], [138.94995, 35.75399], [138.94989, 35.75373]]}, "properties": {"id": 57, "name": "今川峠", "prefecture": "山梨県", "start_label": "道の駅たばやま", "end_label": "道の駅こすげ", "mentions": 1, "confidence": 1.0, "length_m": 10052.679453309242, "curviness": 0.8171889133864774, "summary": "丹波山村と小菅村を繋ぐくねくねとした峠道。両端に道の駅があります。", "geo_status": "ok", "geo_error": null, "stroke": "#1e88e5", "stroke-width": 4}}, {"type": "Feature", "geometry": {"type": "LineString", "coordinates": [[138.94989, 35.75373], [138.94988, 35.75413], [138.95049, 35.75404], [138.95076, 35.75443], [138.95077, 35.75524], [138.95023, 35.75603], [138.95177, 35.75603], [138.95283, 35.75512], [138.95284, 35.75356], [138.95377, 35.75169], [138.95337, 35.75109], [138.95436, 35.75129], [138.95502, 35.75169], [138.95528, 35.75158], [138.95442, 35.74949], [138.95464, 35.74921], [138.95568, 35.74885], [138.95601, 35.74832], [138.95595, 35.7478], [138.95682, 35.74761], [138.95845, 35.74666], [138.9597, 35.74757], [138.95997, 35.74879], [138.96028, 35.74898], [138.96063, 35.74839], [138.96141, 35.74784], [138.96063, 35.74689], [138.96073, 35.74674], [138.96215, 35.74701], [138.96297, 35.74762], [138.96336, 35.74753], [138.96459, 35.74592], [138.965, 35.74472], [138.96603, 35.74366], [138.96723, 35.74104], [138.96762, 35.73929], [138.96719, 35.73867], [138.9642, 35.73712], [138.96399, 35.73665], [138.9642, 35.73712], [138.96701, 35.73856], [138.96754, 35.73913], [138.96723, 35.74104], [138.96603, 35.74366], [138.96483, 35.74497], [138.96462, 35.74586], [138.96375, 35.74713], [138.96311, 35.74765], [138.96215, 35.74701], [138.96073, 35.74674], [138.96063, 35.74689], [138.96141, 35.74784], [138.96063, 35.74839], [138.96046, 35.7489], [138.96009, 35.74894], [138.9597, 35.74757], [138.95845, 35.74666], [138.96099, 35.74432], [138.96123, 35.74352], [138.96097, 35.74263], [138.94302, 35.722], [138.93991, 35.71977], [138.93838, 35.71606], [138.93896, 35.71377], [138.94139, 35.71135], [138.94164, 35.71026], [138.9405, 35.71], [138.93938, 35.71016], [138.93934, 35.71036], [138.93969, 35.71001], [138.9405, 35.71], [138.94164, 35.71026], [138.9423, 35.70977], [138.94261, 35.70866], [138.94217, 35.70796], [138.94264, 35.70752], [138.94503, 35.70822], [138.94665, 35.70814], [138.94914, 35.70918], [138.95, 35.70916], [138.9509, 35.70884], [138.95116, 35.70835], [138.95111, 35.7075], [138.95064, 35.70579], [138.95188, 35.70469], [138.95204, 35.7037], [138.95008, 35.7018], [138.94963, 35.70059], [138.94985, 35.7019], [138.95039, 35.70268], [138.94951, 35.70321], [138.94845, 35.70452], [138.94659, 35.70503], [138.94749, 35.70537], [138.94809, 35.70669], [138.94883, 35.70704], [138.94827, 35.70783], [138.94883, 35.70704], [138.94809, 35.70669], [138.94749, 35.70537], [138.94659, 35.70503], [138.94845, 35.70452], [138.94951, 35.70321], [138.95039, 35.70268], [138.94985, 35.7019], [138.94956, 35.70067], [138.95023, 35.69944], [138.95046, 35.69798], [138.95209, 35.69732], [138.9528, 35.69667], [138.95297, 35.69431], [138.95406, 35.69377], [138.95751, 35.69277], [138.95787, 35.69296], [138.95863, 35.69293], [138.95922, 35.69214], [138.96257, 35.69051], [138.96293, 35.69003], [138.96379, 35.68988], [138.96477, 35.68894], [138.96421, 35.68738], [138.96442, 35.68681], [138.96578, 35.68582], [138.9672, 35.68552], [138.96856, 35.68492], [138.96972, 35.68489], [138.97014, 35.68394], [138.9699, 35.68321], [138.96924, 35.6825], [138.96875, 35.68113], [138.96863, 35.67892], [138.96716, 35.67459], [138.96597, 35.67288], [138.96612, 35.66986], [138.9655, 35.66703], [138.96584, 35.6665], [138.96736, 35.6659], [138.96734, 35.66409], [138.96511, 35.66129], [138.96442, 35.65961], [138.96444, 35.65918], [138.96488, 35.65861], [138.96439, 35.65782], [138.96307, 35.65626], [138.96193, 35.6552], [138.96106, 35.65483], [138.96032, 35.65384], [138.96091, 35.65172], [138.9628, 35.65015], [138.96256, 35.64787], [138.95886, 35.64491], [138.95603, 35.64465], [138.95542, 35.64429], [138.95508, 35.64206], [138.95612, 35.64082], [138.95633, 35.63977], [138.95505, 35.63956], [138.95299, 35.63784], [138.95182, 35.63397], [138.95036, 35.63379], [138.94941, 35.63429], [138.94908, 35.63335], [138.94876, 35.63319], [138.94674, 35.63303], [138.94557, 35.63356], [138.94504, 35.63333], [138.94521, 35.6331], [138.946, 35.63312], [138.94782, 35.63181], [138.94813, 35.63077], [138.94758, 35.62857], [138.95035, 35.62751], [138.95088, 35.62555], [138.95261, 35.625], [138.95414, 35.62339], [138.95636, 35.6223], [138.95636, 35.62165], [138.95577, 35.62114], [138.95593, 35.62069], [138.95431, 35.61992], [138.95403, 35.61871], [138.95358, 35.61831], [138.95277, 35.61806], [138.95146, 35.61842], [138.95066, 35.61808], [138.94868, 35.61785], [138.94841, 35.61717], [138.94839, 35.61398], [138.94768, 35.61394], [138.94484, 35.61302], [138.93862, 35.6102], [138.93546, 35.60838], [138.93424, 35.60699], [138.93331, 35.60638], [138.92785, 35.6053], [138.92468, 35.60335], [138.91936, 35.60136], [138.91844, 35.6007], [138.91476, 35.59912], [138.91238, 35.59876], [138.91115, 35.59891], [138.90915, 35.59981], [138.90651, 35.60031], [138.90508, 35.6015], [138.90363, 35.60142], [138.90175, 35.60235], [138.90078, 35.60181], [138.89841, 35.60106], [138.88962, 35.59887], [138.88921, 35.59848], [138.88891, 35.59741], [138.88777, 35.59651], [138.88553, 35.59638], [138.88253, 35.59656], [138.87917, 35.59564], [138.87685, 35.59614], [138.87385, 35.59628], [138.87168, 35.59844], [138.86792, 35.60002], [138.86727, 35.60093], [138.86499, 35.60217], [138.86353, 35.60268], [138.86101, 35.60268], [138.85945, 35.60192], [138.85912, 35.60207], [138.85896, 35.60265], [138.85849, 35.60309], [138.8573, 35.60323], [138.85144, 35.60191], [138.84769, 35.60151], [138.84374, 35.6016], [138.83942, 35.6047], [138.83735, 35.60515], [138.83343, 35.60495], [138.83127, 35.60421], [138.82641, 35.60438], [138.82356, 35.60416], [138.81938, 35.6048], [138.818, 35.60583], [138.81392, 35.60554], [138.8073, 35.60476], [138.8059, 35.60385], [138.80532, 35.60258], [138.8047, 35.60242], [138.80417, 35.60267], [138.80387, 35.60325], [138.80455, 35.60483], [138.80449, 35.60547], [138.79357, 35.63237], [138.7923, 35.63624], [138.79251, 35.63627], [138.7926, 35.63591]]}, "properties": {"id": 58, "name": "国道139号（松姫バイパス）", "prefecture": "山梨県", "start_label": "道の駅こすげ", "end_label": "道の駅甲斐大和", "mentions": 1, "confidence": 1.0, "length_m": 49479.21046379004, "curviness": 0.3049849703286625, "summary": "松姫トンネルや深城ダム沿いを走り、小金沢公園などの立ち寄りポイントがある走りやすいルート。", "geo_status": "ok", "geo_error": null, "stroke": "#1e88e5", "stroke-width": 4}}, {"type": "Feature", "geometry": {"type": "LineString", "coordinates": [[136.03627, 35.47127], [136.03737, 35.48441], [136.03729, 35.49058], [136.03749, 35.49133], [136.03692, 35.49366], [136.03604, 35.49515], [136.03534, 35.49568], [136.03405, 35.49584], [136.034, 35.49617]]}, "properties": {"id": 61, "name": "メタセコイア並木", "prefecture": "滋賀県", "start_label": "マキノピックランド", "end_label": "マキノ高原", "mentions": 1, "confidence": 1.0, "length_m": 2937.7971331980293, "curviness": 0.0904587464650321, "summary": "約2.4kmにわたり約500本のメタセコイアが立ち並ぶ滋賀県屈指の絶景ドライブコース。", "geo_status": "ok", "geo_error": null, "stroke": "#1e88e5", "stroke-width": 4}}, {"type": "Feature", "geometry": {"type": "LineString", "coordinates": [[135.79917, 35.47804], [135.79879, 35.47738], [135.80993, 35.47318], [135.81062, 35.47346], [135.81477, 35.47916], [135.81549, 35.47896], [135.81771, 35.47761], [135.83498, 35.47345], [135.83565, 35.47504], [135.83594, 35.47528], [135.83648, 35.47521], [135.83666, 35.4757], [135.83771, 35.47646]]}, "properties": {"id": 62, "name": "広域基幹林道若狭幹線", "prefecture": "福井県", "start_label": "小浜市太興寺", "end_label": "若狭町兼石", "mentions": 1, "confidence": 1.0, "length_m": 4421.440930621344, "curviness": 0.18556410712902363, "summary": "若狭湾を見下ろすパノラマ絶景が楽しめる穴場的な林道ルート。", "geo_status": "suspect", "geo_error": "距離が想定と合いません（経路 4 km / 想定 22 km）", "stroke": "#e53935", "stroke-width": 4}}, {"type": "Feature", "geometry": {"type": "LineString", "coordinates": [[137.84089, 36.55645], [137.84216, 36.55576], [137.84247, 36.55536], [137.84251, 36.55471], [137.84286, 36.5547], [137.84289, 36.55107], [137.8435, 36.54964], [137.84517, 36.54711], [137.84536, 36.54585], [137.8452, 36.54488], [137.84452, 36.54331], [137.84265, 36.54118], [137.84254, 36.54042], [137.84281, 36.53974], [137.84129, 36.53919], [137.84057, 36.53848], [137.83657, 36.52876], [137.83436, 36.52471], [137.83247, 36.52013], [137.83184, 36.51947], [137.83397, 36.51733], [137.83145, 36.51543], [137.82987, 36.51347], [137.82662, 36.5118], [137.82606, 36.51117], [137.82616, 36.50901], [137.82526, 36.50368], [137.82725, 36.50028], [137.82663, 36.49781], [137.82739, 36.49644], [137.82949, 36.49392], [137.8299, 36.49224], [137.83107, 36.49012], [137.83145, 36.48799], [137.83295, 36.48313], [137.83673, 36.46438], [137.83638, 36.45864], [137.83757, 36.45605], [137.83901, 36.45488], [137.84064, 36.45224], [137.84028, 36.44529], [137.83977, 36.44442], [137.83571, 36.43977], [137.83446, 36.43748], [137.83473, 36.43585], [137.83467, 36.43282], [137.83415, 36.43125], [137.83459, 36.42942], [137.8336, 36.42793], [137.83356, 36.42645], [137.83454, 36.42493], [137.83539, 36.42296], [137.83716, 36.42199], [137.83773, 36.42108], [137.83982, 36.41925], [137.84416, 36.41404], [137.8455, 36.40973], [137.84905, 36.40544], [137.85006, 36.4036], [137.84928, 36.40261], [137.842, 36.3958], [137.84149, 36.39418], [137.83996, 36.39347], [137.83756, 36.39297], [137.83596, 36.39131], [137.83571, 36.38498], [137.83493, 36.38321], [137.83504, 36.38162], [137.83427, 36.38062], [137.83408, 36.37885], [137.83368, 36.3779], [137.83034, 36.3745], [137.83007, 36.37163], [137.83271, 36.36658], [137.83491, 36.36067], [137.83646, 36.35797], [137.83652, 36.3573], [137.83578, 36.35523], [137.83748, 36.35314], [137.83857, 36.35087], [137.83982, 36.34939], [137.8414, 36.33751], [137.84201, 36.33751], [137.84229, 36.33844], [137.84275, 36.33849], [137.85051, 36.33916], [137.85864, 36.33909], [137.85857, 36.33793], [137.85884, 36.33725], [137.86476, 36.33009], [137.86624, 36.32882], [137.86783, 36.32944], [137.87024, 36.32972], [137.87244, 36.3296], [137.8785, 36.33059], [137.88222, 36.33186], [137.88431, 36.33231], [137.88497, 36.33291], [137.89011, 36.33346], [137.8957, 36.33376], [137.89577, 36.33403], [137.90269, 36.33489], [137.90479, 36.33484], [137.90478, 36.33714], [137.90518, 36.33889], [137.90822, 36.33879], [137.90831, 36.33928]]}, "properties": {"id": 36, "name": "安曇野山麓線（県道306号・県道25号 / 日本アルプスサラダ街道）", "prefecture": "長野県", "start_label": "木崎湖", "end_label": "大王わさび農場", "mentions": 1, "confidence": 0.95, "length_m": 34555.481113986185, "curviness": 0.1263035350050483, "summary": "北アルプスの山々と広大な田園風景を望みながら走れる心地よい快走ルートです。", "geo_status": "ok", "geo_error": null, "stroke": "#1e88e5", "stroke-width": 4}}, {"type": "Feature", "geometry": {"type": "LineString", "coordinates": [[137.91039, 35.66163], [137.91068, 35.66153], [137.9112, 35.66249], [137.91379, 35.66758], [137.91397, 35.66835], [137.91351, 35.66881], [137.91183, 35.66885], [137.90966, 35.66936], [137.90935, 35.67128], [137.90962, 35.67156], [137.91185, 35.67238], [137.91281, 35.6736], [137.91499, 35.67402], [137.91533, 35.67449], [137.91455, 35.68208], [137.91444, 35.68599], [137.91297, 35.69189], [137.91311, 35.69243], [137.9143, 35.6941], [137.91515, 35.69697], [137.9147, 35.69762], [137.91244, 35.69904], [137.91196, 35.70021], [137.91501, 35.70609], [137.91413, 35.71145], [137.91526, 35.71371], [137.91524, 35.72], [137.91644, 35.72344], [137.91737, 35.72717], [137.91889, 35.7365], [137.91466, 35.7373], [137.91485, 35.73873], [137.9, 35.73991], [137.89674, 35.74085], [137.89233, 35.74288], [137.88921, 35.74309], [137.88645, 35.7438]]}, "properties": {"id": 40, "name": "伊那東部農道（ハーモニックロード）", "prefecture": "長野県", "start_label": "道の駅 花の里いいじま", "end_label": "駒ヶ根高原", "mentions": 1, "confidence": 0.95, "length_m": 12607.807676149241, "curviness": 0.13109147859365475, "summary": "中央アルプスと南アルプスの絶景を望みながら走れる、車が少なく非常に快適な広域農道。", "geo_status": "ok", "geo_error": null, "stroke": "#1e88e5", "stroke-width": 4}}, {"type": "Feature", "geometry": {"type": "LineString", "coordinates": [[138.06574, 35.82683], [138.06585, 35.82576], [138.06486, 35.82563], [138.06367, 35.82617], [138.0631, 35.82581], [138.0628, 35.82529], [138.0568, 35.83184], [138.05736, 35.83229], [138.05919, 35.83493], [138.06089, 35.83618], [138.0618, 35.83629], [138.06392, 35.83552], [138.0646, 35.8355], [138.06893, 35.83781], [138.07358, 35.84303], [138.0737, 35.84369], [138.07307, 35.84559], [138.07431, 35.8474], [138.07545, 35.84833], [138.07586, 35.85047], [138.07707, 35.85233], [138.0772, 35.85372], [138.07848, 35.85549], [138.07921, 35.85592], [138.08267, 35.85631], [138.0838, 35.85674], [138.08669, 35.86064], [138.08974, 35.86247], [138.09086, 35.86535], [138.09157, 35.86649], [138.09151, 35.86779], [138.09223, 35.86893], [138.0924, 35.87074], [138.09414, 35.87367], [138.09395, 35.8746], [138.09407, 35.87737], [138.09623, 35.88056], [138.09673, 35.88419], [138.09727, 35.88581], [138.09709, 35.8883], [138.0984, 35.89094], [138.09873, 35.89338], [138.1004, 35.89578], [138.09931, 35.89909], [138.09938, 35.90075], [138.09848, 35.90344], [138.09826, 35.90575], [138.09646, 35.9081], [138.09599, 35.90938], [138.09471, 35.91037], [138.09468, 35.91168], [138.09414, 35.91231], [138.09385, 35.91316], [138.09401, 35.9147], [138.09382, 35.91594], [138.09445, 35.91719], [138.09485, 35.91935], [138.09628, 35.92162], [138.09707, 35.92371], [138.09845, 35.92622], [138.09834, 35.92904], [138.09772, 35.9304], [138.09844, 35.93158], [138.09858, 35.9325], [138.09774, 35.93397], [138.09775, 35.93435], [138.09933, 35.93567], [138.09995, 35.93771], [138.10153, 35.93971], [138.10157, 35.9408], [138.10195, 35.94175], [138.10344, 35.94273], [138.10413, 35.94351], [138.1048, 35.94502], [138.10482, 35.94634], [138.10508, 35.94696], [138.10721, 35.94853], [138.10803, 35.95244], [138.10873, 35.95377], [138.11109, 35.95595], [138.11231, 35.95843], [138.11239, 35.95926], [138.11343, 35.9609], [138.11496, 35.96157], [138.1167, 35.96434], [138.11774, 35.96487], [138.1195, 35.96659], [138.1235, 35.9697], [138.12484, 35.9722], [138.12523, 35.97364], [138.12689, 35.97443], [138.12762, 35.97522], [138.12877, 35.97538], [138.12932, 35.97633], [138.12967, 35.97647], [138.13041, 35.97591], [138.13159, 35.97594], [138.13217, 35.97544], [138.13232, 35.97461], [138.13369, 35.97355], [138.13462, 35.97332], [138.13467, 35.97225], [138.13577, 35.97162], [138.1369, 35.96955], [138.13729, 35.96967], [138.13757, 35.97137], [138.13905, 35.97234], [138.13992, 35.97181], [138.13936, 35.97046], [138.14019, 35.97034], [138.14075, 35.96966], [138.14124, 35.96965], [138.14295, 35.97086], [138.14321, 35.97171], [138.14305, 35.97199], [138.14268, 35.97199], [138.14177, 35.97136], [138.14139, 35.97134], [138.14102, 35.97161], [138.14113, 35.97281], [138.14054, 35.97441], [138.13991, 35.97445], [138.13885, 35.97396], [138.13848, 35.97416], [138.14043, 35.97666], [138.14107, 35.97801], [138.14064, 35.97878], [138.14079, 35.97971], [138.13946, 35.97982], [138.13917, 35.98119], [138.13854, 35.98118], [138.13739, 35.9807], [138.13682, 35.981], [138.13969, 35.98167], [138.14052, 35.98099], [138.14166, 35.98128], [138.14264, 35.98042], [138.14344, 35.98067], [138.14414, 35.98124], [138.14545, 35.98094], [138.14582, 35.98122], [138.14472, 35.98191], [138.14397, 35.98295], [138.14081, 35.98448], [138.14023, 35.98499], [138.13753, 35.98988], [138.13755, 35.99035], [138.13838, 35.99144], [138.14209, 35.98882], [138.1427, 35.98864], [138.14959, 35.98963], [138.153, 35.98984], [138.15276, 35.99122], [138.15617, 35.99184], [138.15858, 35.99257], [138.15767, 35.995]]}, "properties": {"id": 41, "name": "国道152号（杖突峠）", "prefecture": "長野県", "start_label": "高遠", "end_label": "茅野", "mentions": 1, "confidence": 0.95, "length_m": 30038.414964738273, "curviness": 0.2781861454980207, "summary": "伊那方面から諏訪湖・ビーナスライン方面へアクセスする定番ルート。杖突峠の茶屋付近からの展望が素晴らしい。", "geo_status": "ok", "geo_error": null, "stroke": "#1e88e5", "stroke-width": 4}}, {"type": "Feature", "geometry": {"type": "LineString", "coordinates": [[138.68764, 35.69324], [138.68736, 35.69267], [138.68647, 35.69302], [138.68814, 35.69614], [138.68992, 35.69771], [138.69134, 35.69794], [138.69159, 35.69898], [138.69197, 35.69936], [138.6936, 35.70001], [138.69417, 35.70001], [138.69597, 35.70113], [138.69278, 35.70305], [138.69281, 35.70352], [138.69835, 35.70882], [138.70018, 35.71214], [138.70373, 35.716], [138.7053, 35.71883], [138.70548, 35.72205], [138.70675, 35.72578], [138.7091, 35.72924], [138.71133, 35.73086], [138.71189, 35.7316], [138.71167, 35.73542], [138.71026, 35.73678], [138.70977, 35.73823], [138.70825, 35.7392], [138.70754, 35.74038], [138.7075, 35.74138], [138.70877, 35.74589], [138.70974, 35.74689], [138.71244, 35.74831], [138.71359, 35.74922], [138.71449, 35.75065], [138.71515, 35.75292], [138.716, 35.7537], [138.71677, 35.75394], [138.71948, 35.75396], [138.72216, 35.75491], [138.72534, 35.75541], [138.72629, 35.75608], [138.7272, 35.75771], [138.72781, 35.75833], [138.73133, 35.75965], [138.73223, 35.76072], [138.73301, 35.76349], [138.73608, 35.7657], [138.73677, 35.76983], [138.73867, 35.77447], [138.73865, 35.77937], [138.73927, 35.78141], [138.73888, 35.7833], [138.73674, 35.78659], [138.73655, 35.78765], [138.73698, 35.78868], [138.73822, 35.78987], [138.73876, 35.79079], [138.73943, 35.79454], [138.74055, 35.7957], [138.7466, 35.7985], [138.74952, 35.8021], [138.75073, 35.80476], [138.75138, 35.80742], [138.75147, 35.80994], [138.75193, 35.8113], [138.75521, 35.81464], [138.75584, 35.81645], [138.75696, 35.81742], [138.75714, 35.81879], [138.75925, 35.82127], [138.76097, 35.82259], [138.7615, 35.8235], [138.76292, 35.82467], [138.7637, 35.82679], [138.7649, 35.82825], [138.76513, 35.82931], [138.76428, 35.83144], [138.76427, 35.83212], [138.7655, 35.83379], [138.76589, 35.83578], [138.76664, 35.8371], [138.7668, 35.83855], [138.76641, 35.83927], [138.76463, 35.84024], [138.76388, 35.8418], [138.76406, 35.84337], [138.76388, 35.84406], [138.7595, 35.8502], [138.75859, 35.85239], [138.7586, 35.85354], [138.75771, 35.85443], [138.7576, 35.85566], [138.7568, 35.85673], [138.75689, 35.85842], [138.75666, 35.85844], [138.75673, 35.85905], [138.75654, 35.85909]]}, "properties": {"id": 55, "name": "雁坂みち", "prefecture": "山梨県", "start_label": "山梨市内", "end_label": "道の駅みとみ", "mentions": 1, "confidence": 0.9, "length_m": 22776.85513698835, "curviness": 0.16725563187752807, "summary": "甲府盆地から秩父方面へ抜ける山岳道路。道の駅みとみが立ち寄りスポットです。", "geo_status": "ok", "geo_error": null, "stroke": "#1e88e5", "stroke-width": 4}}, {"type": "Feature", "geometry": {"type": "LineString", "coordinates": [[138.47576, 36.2002], [138.48285, 36.20535], [138.48623, 36.20565], [138.48807, 36.20528], [138.48867, 36.20666], [138.48811, 36.21322], [138.48768, 36.21558], [138.48777, 36.21725], [138.48724, 36.21862], [138.48377, 36.2229], [138.48, 36.22538], [138.47699, 36.22917], [138.47571, 36.23172], [138.47733, 36.23331], [138.47932, 36.23453], [138.47836, 36.23711], [138.47684, 36.23966], [138.47686, 36.24449], [138.47723, 36.24643], [138.47827, 36.24904], [138.47724, 36.24924], [138.47733, 36.24893]]}, "properties": {"id": 59, "name": "国道141号", "prefecture": "長野県", "start_label": "臼田", "end_label": "そば処 あららぎ", "mentions": 1, "confidence": 0.9, "length_m": 6927.622091210886, "curviness": 0.13840760256476634, "summary": "佐久地域と山梨・清里方面を結ぶ主要幹線道路です。", "geo_status": "ok", "geo_error": null, "stroke": "#1e88e5", "stroke-width": 4}}, {"type": "Feature", "geometry": {"type": "LineString", "coordinates": [[137.13807, 36.39898], [137.13769, 36.39823], [137.13598, 36.39679], [137.13387, 36.39613], [137.13311, 36.39566], [137.13117, 36.39254], [137.12903, 36.39084], [137.12853, 36.39063], [137.12605, 36.39101], [137.12307, 36.38923], [137.1183, 36.38505], [137.11811, 36.38398], [137.11782, 36.38368], [137.11585, 36.38412], [137.11282, 36.38433], [137.10951, 36.38298], [137.10665, 36.38243], [137.10434, 36.38261], [137.10172, 36.3816], [137.09779, 36.38173], [137.09547, 36.3803], [137.09405, 36.38053], [137.09254, 36.38044], [137.09237, 36.37947], [137.09161, 36.37998], [137.09096, 36.38], [137.09011, 36.38044], [137.08928, 36.37918], [137.08884, 36.37983], [137.08891, 36.38025], [137.08781, 36.38117], [137.08824, 36.38186], [137.08785, 36.38221], [137.08646, 36.38264], [137.08621, 36.38343], [137.08532, 36.38357], [137.08469, 36.38189], [137.08328, 36.38043], [137.08335, 36.37944], [137.08274, 36.37822], [137.08178, 36.37803], [137.08093, 36.37692], [137.07981, 36.37633], [137.07989, 36.37563], [137.07911, 36.37491], [137.07929, 36.37341], [137.07866, 36.37279], [137.07712, 36.37], [137.07602, 36.36879], [137.07588, 36.36788], [137.07552, 36.36756], [137.07511, 36.3663], [137.07389, 36.36599], [137.07353, 36.36557], [137.07351, 36.36501], [137.07266, 36.3648], [137.0721, 36.3641], [137.07164, 36.36392], [137.07154, 36.3632], [137.07073, 36.36196], [137.06978, 36.36157], [137.06897, 36.36058], [137.06839, 36.36035], [137.0685, 36.35948], [137.06782, 36.35835], [137.06795, 36.35746], [137.06688, 36.35609], [137.06541, 36.3558], [137.06447, 36.35475], [137.06442, 36.35551], [137.06388, 36.35447], [137.06235, 36.35397], [137.06249, 36.35379], [137.06399, 36.35381], [137.06417, 36.35353], [137.06423, 36.35169], [137.06382, 36.35115], [137.06421, 36.35109], [137.06482, 36.35011], [137.06446, 36.34961], [137.06509, 36.34861], [137.06494, 36.34851], [137.0646, 36.34895], [137.06488, 36.34823], [137.06475, 36.34754], [137.06495, 36.34749], [137.06522, 36.34791], [137.06555, 36.34775], [137.06578, 36.34696], [137.06635, 36.34731], [137.06762, 36.34749], [137.06967, 36.34657], [137.06863, 36.3467], [137.07069, 36.34566], [137.07176, 36.34566], [137.07177, 36.34548], [137.07118, 36.34557], [137.07075, 36.34532], [137.06948, 36.34565], [137.07042, 36.34517], [137.07072, 36.34466], [137.07136, 36.34501], [137.07258, 36.34481], [137.07168, 36.34472], [137.07169, 36.34458], [137.0727, 36.3445], [137.07295, 36.34522], [137.07377, 36.34449], [137.07461, 36.34446], [137.07335, 36.34439], [137.07343, 36.34405], [137.073, 36.34369], [137.07359, 36.34381], [137.07318, 36.34344], [137.07357, 36.34333], [137.0745, 36.34214], [137.07565, 36.33979], [137.07493, 36.34042], [137.07613, 36.33735], [137.07567, 36.33779], [137.07537, 36.33771], [137.07563, 36.33688], [137.07467, 36.33536], [137.0753, 36.33436], [137.07544, 36.33362], [137.07586, 36.33322], [137.07527, 36.33339], [137.07512, 36.33211], [137.07547, 36.33241], [137.07566, 36.3323], [137.07513, 36.3314], [137.07643, 36.33042], [137.0766, 36.32999], [137.07718, 36.32993], [137.07799, 36.32937], [137.07956, 36.32636], [137.0801, 36.32439], [137.08045, 36.32423], [137.08098, 36.3233], [137.08116, 36.32418], [137.08191, 36.32348], [137.08314, 36.32047], [137.08384, 36.31947], [137.08342, 36.3187], [137.08422, 36.31692], [137.08401, 36.31601], [137.0846, 36.31451], [137.08509, 36.31402], [137.08527, 36.31426], [137.08629, 36.31329], [137.08744, 36.31263], [137.0887, 36.31255], [137.08957, 36.31356], [137.09042, 36.31347], [137.0899, 36.31384], [137.09083, 36.31373], [137.09155, 36.31319], [137.09266, 36.31286], [137.09341, 36.3119], [137.09382, 36.30973], [137.09308, 36.30853], [137.09333, 36.30799], [137.09285, 36.30698], [137.09246, 36.30647], [137.09203, 36.30636], [137.09225, 36.30613], [137.09728, 36.30477], [137.10541, 36.30444], [137.10748, 36.30512], [137.10964, 36.30467], [137.11279, 36.30189], [137.11353, 36.30243], [137.11472, 36.30136], [137.11561, 36.29982], [137.11592, 36.29787], [137.11561, 36.29659], [137.11726, 36.29519], [137.11923, 36.29572], [137.12256, 36.29703], [137.12272, 36.29767], [137.12344, 36.29809], [137.12712, 36.2974], [137.12934, 36.29606], [137.13001, 36.29507], [137.13007, 36.29378], [137.12968, 36.29261], [137.12865, 36.29094], [137.12852, 36.28696], [137.13118, 36.28194], [137.13579, 36.27779], [137.13742, 36.27565], [137.1381, 36.2718], [137.13764, 36.26927], [137.13852, 36.26799], [137.13851, 36.26593], [137.13875, 36.26579], [137.13925, 36.26394], [137.14088, 36.26255], [137.14945, 36.2593], [137.16378, 36.25226], [137.16664, 36.25514], [137.16784, 36.25576], [137.16921, 36.25591], [137.17211, 36.2555], [137.17546, 36.25636], [137.18006, 36.25702], [137.18144, 36.25772], [137.18487, 36.25838], [137.19226, 36.26076], [137.19742, 36.26137], [137.2015, 36.26228], [137.20324, 36.2622], [137.20613, 36.26088], [137.20661, 36.26098], [137.20665, 36.2614], [137.20546, 36.2619], [137.20473, 36.26264], [137.20337, 36.26311], [137.201, 36.26316], [137.20085, 36.26356], [137.20119, 36.2638], [137.20272, 36.2634], [137.20365, 36.26356], [137.20519, 36.26329], [137.20653, 36.2635], [137.20801, 36.26307], [137.20984, 36.2635], [137.21404, 36.26377], [137.21653, 36.26448], [137.2197, 36.26503], [137.22359, 36.26408], [137.22366, 36.26436], [137.22432, 36.26455], [137.22514, 36.26527], [137.22517, 36.26558], [137.22393, 36.2652], [137.22337, 36.26616], [137.22237, 36.26559], [137.22153, 36.26548], [137.21979, 36.26376], [137.21931, 36.2636], [137.21951, 36.26307], [137.21906, 36.26294], [137.21879, 36.26244], [137.21829, 36.26232], [137.21831, 36.26084], [137.21779, 36.2605], [137.21764, 36.25989], [137.21701, 36.25981], [137.21601, 36.26021], [137.21565, 36.26014], [137.21585, 36.25913], [137.21506, 36.25879], [137.21528, 36.25798], [137.21601, 36.25742], [137.2162, 36.25694], [137.21755, 36.25682], [137.21775, 36.25641], [137.21821, 36.25618], [137.21827, 36.25541], [137.2177, 36.25522], [137.21742, 36.25462], [137.21587, 36.25381], [137.21526, 36.2529], [137.21523, 36.25227], [137.21386, 36.25175], [137.21284, 36.25199], [137.21244, 36.25179]]}, "properties": {"id": 60, "name": "安峰山林道", "prefecture": "岐阜県", "start_label": "結実峠", "end_label": "安峰山展望台", "mentions": 1, "confidence": 0.9, "length_m": 42088.800472835625, "curviness": 0.49298232036602957, "summary": "結実峠から安峰山展望台へと登る山道で、山頂からは飛騨古川の街並みや周囲の山々を一望できる隠れた絶景スポットです。", "geo_status": "suspect", "geo_error": "距離が想定と合いません（経路 42 km / 想定 4 km）", "stroke": "#e53935", "stroke-width": 4}}, {"type": "Feature", "geometry": {"type": "LineString", "coordinates": [[137.90569, 36.30425], [137.90508, 36.30402], [137.90532, 36.3034], [137.90281, 36.30278], [137.90535, 36.29819], [137.90607, 36.29401], [137.90762, 36.28817], [137.90797, 36.2852], [137.9077, 36.28217], [137.90932, 36.26996], [137.91635, 36.2577], [137.91872, 36.25211], [137.92291, 36.24954], [137.92171, 36.24764], [137.92013, 36.24639], [137.91162, 36.23551], [137.90754, 36.23094], [137.90337, 36.22679], [137.90014, 36.2242], [137.89867, 36.22345], [137.89976, 36.22198], [137.90156, 36.22066], [137.90361, 36.21671], [137.9037, 36.21484], [137.90306, 36.21383], [137.90195, 36.2134], [137.89918, 36.21335], [137.89799, 36.21256], [137.8977, 36.21173], [137.89767, 36.20938], [137.8987, 36.20522], [137.90191, 36.20124], [137.90351, 36.19618], [137.90369, 36.19507], [137.9032, 36.19252], [137.90305, 36.18977], [137.90343, 36.18729], [137.90476, 36.18529], [137.90495, 36.18429], [137.90185, 36.17703], [137.90176, 36.17469], [137.89589, 36.16594], [137.89463, 36.16534], [137.89401, 36.16471], [137.889, 36.15569], [137.88931, 36.15532], [137.89707, 36.15144], [137.89808, 36.15042], [137.90644, 36.14828], [137.90931, 36.14699], [137.91082, 36.14571], [137.92208, 36.13383], [137.92323, 36.13297], [137.92412, 36.13101], [137.92505, 36.12622], [137.92239, 36.11855], [137.92597, 36.11769], [137.92647, 36.11775], [137.92725, 36.11876], [137.92784, 36.1201], [137.92867, 36.12036], [137.9305, 36.11979], [137.9301, 36.11741], [137.93059, 36.1168], [137.93322, 36.11643], [137.93447, 36.11666], [137.9358, 36.11723], [137.93751, 36.11685], [137.93792, 36.11615], [137.93614, 36.11544], [137.93496, 36.11423], [137.93325, 36.11024], [137.93119, 36.10674], [137.92993, 36.10253], [137.92745, 36.09786], [137.92626, 36.09659], [137.92375, 36.09497], [137.923, 36.09411], [137.92264, 36.09317], [137.92206, 36.08927], [137.92148, 36.08812], [137.91696, 36.08415], [137.91071, 36.0775], [137.9075, 36.07474], [137.90378, 36.06956], [137.90336, 36.06829], [137.90241, 36.06036], [137.90176, 36.05898], [137.89828, 36.05394], [137.89755, 36.05154], [137.89678, 36.05028], [137.89494, 36.04797], [137.89204, 36.04624], [137.89127, 36.04478], [137.88949, 36.0431], [137.88683, 36.04001], [137.88558, 36.03934], [137.88306, 36.03896], [137.88181, 36.0384], [137.87323, 36.03142], [137.87268, 36.03055], [137.87206, 36.0284], [137.87094, 36.02652], [137.87004, 36.02395], [137.86929, 36.0232], [137.86591, 36.021], [137.86382, 36.01795], [137.86182, 36.01626], [137.86037, 36.01392], [137.85985, 36.01233], [137.8591, 36.01113], [137.85697, 36.00941], [137.85526, 36.00607], [137.85499, 36.0013], [137.85448, 36.00087], [137.85317, 36.00059], [137.85263, 36.00026], [137.85088, 35.99657], [137.85143, 35.99467], [137.85045, 35.99238], [137.84381, 35.98649], [137.84175, 35.98556], [137.8392, 35.98568], [137.83661, 35.98394], [137.83403, 35.9803], [137.83283, 35.9792], [137.83148, 35.97845], [137.82889, 35.97786], [137.82774, 35.97703], [137.82652, 35.97449], [137.82466, 35.97252], [137.8231, 35.97197], [137.82052, 35.97216], [137.81941, 35.97177], [137.81728, 35.96926], [137.81631, 35.96728], [137.81425, 35.96559], [137.81404, 35.9659], [137.81425, 35.96559], [137.81631, 35.96728], [137.81728, 35.96926], [137.81923, 35.9716], [137.82004, 35.97209], [137.82094, 35.97214], [137.82084, 35.97269], [137.82003, 35.97298], [137.81834, 35.97215], [137.81453, 35.96828]]}, "properties": {"id": 35, "name": "国道19号（中山道）", "prefecture": "長野県", "start_label": "安曇野市", "end_label": "奈良井宿", "mentions": 1, "confidence": 0.85, "length_m": 50056.12356215989, "curviness": 0.11411133610055411, "summary": "安曇野から塩尻を経て木曽路の中山道を走り、歴史ある奈良井宿や木曽の大橋を訪れる情緒あるツーリングルート。", "geo_status": "ok", "geo_error": null, "stroke": "#1e88e5", "stroke-width": 4}}, {"type": "Feature", "geometry": {"type": "LineString", "coordinates": [[138.92242, 34.85563], [138.92267, 34.85546], [138.92112, 34.85366], [138.92097, 34.85007], [138.92164, 34.84934], [138.92176, 34.84789], [138.92252, 34.84635], [138.92179, 34.84522], [138.92217, 34.84422], [138.92169, 34.84233], [138.92076, 34.84141], [138.92028, 34.84038], [138.92061, 34.83959], [138.92039, 34.83796], [138.9212, 34.8375], [138.9234, 34.8369], [138.92443, 34.83595], [138.92562, 34.83632], [138.92748, 34.83596], [138.92898, 34.8353], [138.92932, 34.83533], [138.93006, 34.83705], [138.93092, 34.83772], [138.93403, 34.83707], [138.93566, 34.83629], [138.93568, 34.83611], [138.93489, 34.83582], [138.93329, 34.83634], [138.93149, 34.83645], [138.93196, 34.83529], [138.93187, 34.83481], [138.93319, 34.8337], [138.93247, 34.83344], [138.93263, 34.83248], [138.934, 34.83146], [138.93263, 34.83248], [138.93247, 34.83344], [138.93319, 34.8337], [138.93187, 34.83481], [138.93196, 34.83529], [138.93149, 34.83645], [138.93329, 34.83634], [138.93489, 34.83582], [138.93568, 34.83611], [138.93561, 34.83638], [138.93403, 34.83707], [138.93092, 34.83772], [138.93006, 34.83705], [138.9294, 34.83561], [138.92932, 34.83533], [138.93012, 34.83531], [138.93069, 34.83478], [138.93277, 34.8314], [138.9351, 34.827], [138.93534, 34.8246], [138.93584, 34.82444], [138.93671, 34.82475], [138.93699, 34.82449], [138.9345, 34.82289], [138.93312, 34.82159], [138.9325, 34.82044], [138.93254, 34.8196], [138.93208, 34.81884], [138.93216, 34.81775], [138.93284, 34.81697], [138.933, 34.81636], [138.93213, 34.8143], [138.93136, 34.81394], [138.92973, 34.81421], [138.92803, 34.8139], [138.92757, 34.8137], [138.92739, 34.81325], [138.92758, 34.81273], [138.92879, 34.81189], [138.92952, 34.8108], [138.92937, 34.80881], [138.92963, 34.80764], [138.93048, 34.80677], [138.93118, 34.80673], [138.93157, 34.80648], [138.9315, 34.80544], [138.93258, 34.80411], [138.93291, 34.80321], [138.93436, 34.80311], [138.9358, 34.80241], [138.9356, 34.80206], [138.9339, 34.80165], [138.93367, 34.79982], [138.93463, 34.79894], [138.9354, 34.7971], [138.93689, 34.79767], [138.93754, 34.79747], [138.93756, 34.79712], [138.93666, 34.79548], [138.93689, 34.79522], [138.938, 34.79496], [138.9378, 34.79431], [138.93839, 34.79365], [138.93918, 34.79198], [138.93892, 34.79158], [138.93841, 34.79172], [138.93857, 34.79223], [138.93894, 34.79223], [138.93919, 34.79195], [138.93892, 34.79158], [138.93838, 34.79174], [138.93846, 34.79217], [138.939, 34.7922], [138.93964, 34.79111], [138.94201, 34.78987], [138.94245, 34.79051], [138.94233, 34.79072], [138.94094, 34.79064], [138.93999, 34.79084], [138.93914, 34.79148], [138.93844, 34.79164], [138.93845, 34.79238], [138.93794, 34.79295], [138.93535, 34.79423], [138.93635, 34.79435], [138.93601, 34.79447], [138.93534, 34.79552], [138.93478, 34.79587], [138.93534, 34.79552], [138.93601, 34.79447], [138.93656, 34.79434], [138.93651, 34.79376], [138.93838, 34.79249], [138.93844, 34.79164], [138.93914, 34.79148], [138.93999, 34.79084], [138.94094, 34.79064], [138.94233, 34.79072], [138.94245, 34.79051], [138.94201, 34.78987], [138.93964, 34.79111], [138.939, 34.7922], [138.93852, 34.79221], [138.93835, 34.79189]]}, "properties": {"id": 39, "name": "国道414号（下田街道 / 天城越え）", "prefecture": "静岡県", "start_label": "道の駅 天城越え", "end_label": "河津七滝ループ橋", "mentions": 1, "confidence": 0.85, "length_m": 17620.353070158086, "curviness": 0.5696572222032737, "summary": "天城峠を抜け、新緑や渓谷の美しい景観を楽しみながら河津へ向かう伊豆半島の快走ルート。", "geo_status": "ok", "geo_error": null, "stroke": "#1e88e5", "stroke-width": 4}}, {"type": "Feature", "geometry": {"type": "LineString", "coordinates": [[138.07631, 36.73132], [138.07735, 36.73127], [138.07648, 36.73105], [138.07727, 36.72875], [138.07584, 36.72818], [138.07514, 36.72693], [138.07276, 36.7256], [138.07078, 36.72375], [138.06917, 36.72312], [138.06849, 36.72261], [138.06734, 36.72335], [138.06727, 36.72387], [138.06686, 36.72429], [138.06705, 36.72498], [138.06633, 36.7262], [138.06564, 36.72648], [138.0653, 36.72619], [138.0654, 36.72501], [138.06475, 36.72394], [138.0642, 36.72355], [138.06438, 36.72298], [138.06245, 36.72319], [138.06277, 36.72287], [138.06354, 36.72283], [138.06355, 36.72262], [138.06225, 36.72271], [138.06088, 36.72383], [138.06077, 36.72318], [138.05944, 36.72372], [138.05782, 36.72366], [138.05635, 36.72249], [138.05534, 36.72253], [138.0538, 36.72209], [138.05258, 36.72125], [138.05139, 36.72155], [138.05089, 36.72136], [138.04893, 36.72156], [138.04699, 36.72221], [138.04692, 36.72204], [138.04749, 36.72161], [138.04735, 36.72139], [138.04629, 36.72216], [138.04525, 36.72213], [138.04317, 36.7215], [138.04138, 36.72021], [138.03971, 36.72003], [138.04041, 36.71882], [138.03981, 36.71848], [138.039, 36.71712], [138.0386, 36.71721], [138.03903, 36.71793], [138.03889, 36.71805], [138.03784, 36.7169], [138.03669, 36.71621], [138.03554, 36.71594], [138.03497, 36.71518], [138.0365, 36.71487], [138.03686, 36.71519], [138.03672, 36.71474], [138.03558, 36.71453], [138.03512, 36.71413], [138.03413, 36.7143], [138.03305, 36.71399], [138.0327, 36.71249], [138.03191, 36.71195], [138.02879, 36.71152], [138.02889, 36.71121], [138.03066, 36.71049], [138.02977, 36.71045], [138.02876, 36.71074], [138.0276, 36.71185], [138.02643, 36.71253], [138.02627, 36.71296], [138.02569, 36.7131], [138.02362, 36.712], [138.02273, 36.71221], [138.02205, 36.71155], [138.02091, 36.71119], [138.02013, 36.7097], [138.01904, 36.7089], [138.01866, 36.7077], [138.01777, 36.70748], [138.01662, 36.7061], [138.01579, 36.70586], [138.01578, 36.70426], [138.01414, 36.70294], [138.01345, 36.70279], [138.01196, 36.7015], [138.01186, 36.70109], [138.01233, 36.70032], [138.01102, 36.69995], [138.01068, 36.69937], [138.01067, 36.69882], [138.01119, 36.69798], [138.01106, 36.69755], [138.00983, 36.69764], [138.0091, 36.69714], [138.00899, 36.69597], [138.00745, 36.69309], [138.0071, 36.69159], [138.00691, 36.68955], [138.00708, 36.68903], [138.00685, 36.68856], [138.0075, 36.68806], [138.00769, 36.6876], [138.00737, 36.68695], [138.00646, 36.68642], [138.00699, 36.68569], [138.00659, 36.68473], [138.00686, 36.68382], [138.00564, 36.6825], [138.00461, 36.68206], [138.00375, 36.68121], [138.00304, 36.68092], [138.00219, 36.68114], [138.00105, 36.68044], [137.99983, 36.67796], [137.99863, 36.67737], [137.99783, 36.67662], [137.99719, 36.67665], [137.99682, 36.67691], [137.9969, 36.67641], [137.99754, 36.676], [137.99668, 36.67591], [137.99617, 36.67543], [137.99514, 36.67508], [137.99564, 36.67379], [137.99586, 36.67387], [137.99586, 36.67445], [137.99616, 36.67441], [137.99604, 36.673], [137.99546, 36.67273], [137.99541, 36.67239], [137.99642, 36.67145], [137.99798, 36.6712], [137.99826, 36.67096], [137.99815, 36.66846], [137.99862, 36.66838], [137.99883, 36.66925], [137.99935, 36.66932], [137.99919, 36.66781], [137.99877, 36.66731], [137.99894, 36.66721], [137.99933, 36.66756], [138.00005, 36.6661], [137.99958, 36.66587], [137.99647, 36.66575], [137.99561, 36.66488], [137.9946, 36.66472], [137.99421, 36.66411], [137.99373, 36.66392], [137.99276, 36.66446], [137.99234, 36.66438], [137.9921, 36.66357], [137.99141, 36.66328], [137.9914, 36.66267], [137.99102, 36.66236], [137.99141, 36.66162], [137.99131, 36.6612], [137.99094, 36.66097], [137.98937, 36.661], [137.98765, 36.65873], [137.9876, 36.65619], [137.98627, 36.65461], [137.9857, 36.65443], [137.98564, 36.65395], [137.98525, 36.65362], [137.98612, 36.65265], [137.98658, 36.65173], [137.98652, 36.65116], [137.98706, 36.65037], [137.98609, 36.6497], [137.98563, 36.64897], [137.98409, 36.64815], [137.98452, 36.64753], [137.98406, 36.64695], [137.9844, 36.64638], [137.98402, 36.64586], [137.98415, 36.64398], [137.98356, 36.64315], [137.98397, 36.64209], [137.98188, 36.64022], [137.98154, 36.63963], [137.98096, 36.6395], [137.9806, 36.6391], [137.9798, 36.63701], [137.97915, 36.63649], [137.97846, 36.63538], [137.9775, 36.63472], [137.97644, 36.63496], [137.97726, 36.63306], [137.9764, 36.63147], [137.9772, 36.63157], [137.97724, 36.63099], [137.97683, 36.63092], [137.97622, 36.63118], [137.97545, 36.63201], [137.97319, 36.63254], [137.97286, 36.63239], [137.97251, 36.6317], [137.97193, 36.63152], [137.97209, 36.63138], [137.97372, 36.63162], [137.97425, 36.63122], [137.97449, 36.63063], [137.97296, 36.62928], [137.9734, 36.62801], [137.97226, 36.62796], [137.97299, 36.62719], [137.97258, 36.62638], [137.97259, 36.6253], [137.97173, 36.62364], [137.97037, 36.62315], [137.96764, 36.6206], [137.9666, 36.62042], [137.96668, 36.61993], [137.96629, 36.61938], [137.96429, 36.61913], [137.96408, 36.61839], [137.96493, 36.61762], [137.96485, 36.61687], [137.96318, 36.61727], [137.96356, 36.61821], [137.96257, 36.61911], [137.9627, 36.61943], [137.96252, 36.61929], [137.96259, 36.61828], [137.96226, 36.61743], [137.96292, 36.61668], [137.96313, 36.61581], [137.96296, 36.61539], [137.96129, 36.61578], [137.96071, 36.61569], [137.95957, 36.61502], [137.95879, 36.6139], [137.95572, 36.61274], [137.95214, 36.61248], [137.94889, 36.61299], [137.94629, 36.61114], [137.94383, 36.61072], [137.94028, 36.60965], [137.93608, 36.60892], [137.93342, 36.60889], [137.9318, 36.60852], [137.93077, 36.60804], [137.92731, 36.6051], [137.9214, 36.60361], [137.92057, 36.60356], [137.91817, 36.60418], [137.91629, 36.60419], [137.91229, 36.6031], [137.90544, 36.60183], [137.90449, 36.60138], [137.90371, 36.60138], [137.90255, 36.60212], [137.90131, 36.60231], [137.89833, 36.60371], [137.89735, 36.60434], [137.89664, 36.60549], [137.89622, 36.60576], [137.88993, 36.60574], [137.88813, 36.60627], [137.88519, 36.60896], [137.88245, 36.6123], [137.88109, 36.61604], [137.87982, 36.61832], [137.87892, 36.61963], [137.87709, 36.6212], [137.87656, 36.62231], [137.87667, 36.62506], [137.87749, 36.62879], [137.87725, 36.63071], [137.87652, 36.63303], [137.87713, 36.6366], [137.87623, 36.63956], [137.87534, 36.64031], [137.87369, 36.64113], [137.87257, 36.64211], [137.87168, 36.64346], [137.87131, 36.64471], [137.87041, 36.64568], [137.86863, 36.64698], [137.86769, 36.64749], [137.86335, 36.64891], [137.86363, 36.64977], [137.86438, 36.65059], [137.86792, 36.65025], [137.86854, 36.65105], [137.86887, 36.65203], [137.86996, 36.65274], [137.87111, 36.6541], [137.87186, 36.65405], [137.87282, 36.6533], [137.87447, 36.65402], [137.87484, 36.65467], [137.87462, 36.65577], [137.87499, 36.65651], [137.87504, 36.65765], [137.8753, 36.65817], [137.87615, 36.65883], [137.87678, 36.65886], [137.87891, 36.65756], [137.87971, 36.65736], [137.8806, 36.65786], [137.88029, 36.65832], [137.88059, 36.6588], [137.88035, 36.65992], [137.88078, 36.66122], [137.8814, 36.65962], [137.88225, 36.65971], [137.88275, 36.6595], [137.88382, 36.66009], [137.88275, 36.6595], [137.88225, 36.65971], [137.88133, 36.65966], [137.88095, 36.66119], [137.87968, 36.66255], [137.87967, 36.66353], [137.88101, 36.66438], [137.88118, 36.66472], [137.88053, 36.66549], [137.88095, 36.66662], [137.88003, 36.66952], [137.88046, 36.67042], [137.8814, 36.6711], [137.88142, 36.6722], [137.88173, 36.67147], [137.88193, 36.67151], [137.88174, 36.67362], [137.88203, 36.6742], [137.88199, 36.67565], [137.88239, 36.67633], [137.88153, 36.67819], [137.88169, 36.67918], [137.88147, 36.68072], [137.88117, 36.68128], [137.87978, 36.6819], [137.87767, 36.68333], [137.87693, 36.68451], [137.8769, 36.68515], [137.87564, 36.68576], [137.87504, 36.68663], [137.87457, 36.6867], [137.87367, 36.68624], [137.87318, 36.68647], [137.87357, 36.68814], [137.87201, 36.69153], [137.87217, 36.69232], [137.87282, 36.69277], [137.87252, 36.6936], [137.87292, 36.69428], [137.87269, 36.69533], [137.87332, 36.69594], [137.87322, 36.69623], [137.87195, 36.69683], [137.87113, 36.69686], [137.86773, 36.6978], [137.8655, 36.69805], [137.86297, 36.69889], [137.8623, 36.69774], [137.86177, 36.69789]]}, "properties": {"id": 32, "name": "国道406号（白沢峠）", "prefecture": "長野県", "start_label": "戸隠", "end_label": "白馬", "mentions": 1, "confidence": 0.8, "length_m": 49445.576325611786, "curviness": 0.5047476244795036, "summary": "戸隠から白馬へと抜ける国道406号の峠道。白沢洞門トンネルを通り抜けた瞬間に目の前に雄大な北アルプスが一面に広がります。", "geo_status": "ok", "geo_error": null, "stroke": "#1e88e5", "stroke-width": 4}}, {"type": "Feature", "geometry": {"type": "LineString", "coordinates": [[138.15767, 35.995], [138.1605, 35.99563], [138.16421, 35.99686], [138.16561, 35.99678], [138.16783, 35.99708], [138.17049, 35.99784], [138.17263, 35.99965], [138.17413, 36.00323], [138.17506, 36.00402], [138.17657, 36.0048], [138.17827, 36.00757], [138.18174, 36.01121], [138.18444, 36.01321], [138.18827, 36.0152], [138.18963, 36.01669], [138.19091, 36.01733], [138.19845, 36.01916], [138.20165, 36.0206], [138.20494, 36.02095], [138.2117, 36.02339], [138.21405, 36.02378], [138.21554, 36.02483], [138.21771, 36.02573], [138.23021, 36.02488], [138.23165, 36.02505], [138.23294, 36.02563], [138.23969, 36.02983], [138.24144, 36.02956], [138.24472, 36.02947], [138.24625, 36.02974], [138.24677, 36.02994], [138.24707, 36.03039], [138.24698, 36.0319], [138.24726, 36.03226], [138.24858, 36.03221], [138.25043, 36.03271], [138.25209, 36.03282], [138.25382, 36.03378], [138.25742, 36.03476], [138.26095, 36.03541], [138.26364, 36.03549], [138.26525, 36.03429], [138.2665, 36.03428], [138.26663, 36.03453], [138.2663, 36.03495], [138.26681, 36.03596], [138.26736, 36.03656], [138.26856, 36.03719], [138.26855, 36.03872], [138.27028, 36.03899], [138.27081, 36.03934], [138.27053, 36.03983], [138.27079, 36.04109], [138.2703, 36.04166], [138.2696, 36.04191], [138.26869, 36.04182], [138.26801, 36.04237], [138.26927, 36.04375], [138.26841, 36.04421], [138.26835, 36.04444], [138.26979, 36.04628], [138.27152, 36.04554], [138.27165, 36.04572], [138.27135, 36.04612], [138.27167, 36.04616], [138.27223, 36.04593], [138.27256, 36.04548], [138.273, 36.04542], [138.27392, 36.04591], [138.27464, 36.04586], [138.27409, 36.04707], [138.27503, 36.0466], [138.2755, 36.04576], [138.27553, 36.04447], [138.27677, 36.04335], [138.2772, 36.04162], [138.28012, 36.03924], [138.28148, 36.03902], [138.28144, 36.0383], [138.2817, 36.03812], [138.28217, 36.03914], [138.28141, 36.03989], [138.28113, 36.04092], [138.28134, 36.04136], [138.28213, 36.04187], [138.28312, 36.04215], [138.28403, 36.04036], [138.28517, 36.04005], [138.28548, 36.04017], [138.28608, 36.0411], [138.28651, 36.04105], [138.28694, 36.04053], [138.2877, 36.04013], [138.28796, 36.04097], [138.28853, 36.04135], [138.2903, 36.04137], [138.29416, 36.04203], [138.29423, 36.04227], [138.29339, 36.0424], [138.29336, 36.04262], [138.29541, 36.04301], [138.29864, 36.04491], [138.29846, 36.04583], [138.30059, 36.04642], [138.30058, 36.0466], [138.30009, 36.04651], [138.29986, 36.04668], [138.29987, 36.04771], [138.30079, 36.04713], [138.30143, 36.04733], [138.30216, 36.04614], [138.30386, 36.0456], [138.30547, 36.04688], [138.3051, 36.04741], [138.30595, 36.04767], [138.30664, 36.04723], [138.30744, 36.04599], [138.30838, 36.046], [138.30933, 36.04722], [138.30804, 36.04777], [138.30742, 36.04837], [138.3077, 36.04992], [138.30807, 36.05016], [138.30851, 36.05009], [138.30975, 36.04898], [138.31072, 36.04924], [138.31083, 36.04999], [138.3097, 36.05119], [138.31085, 36.05216], [138.31102, 36.05331], [138.31132, 36.05364], [138.31204, 36.05343], [138.31208, 36.05169], [138.31327, 36.05085], [138.31365, 36.05003], [138.31421, 36.05018], [138.31441, 36.05141], [138.31473, 36.05185], [138.31827, 36.05315], [138.31878, 36.05304], [138.31915, 36.05183], [138.31976, 36.05178], [138.31997, 36.05218], [138.31988, 36.05344], [138.31873, 36.05564], [138.31785, 36.05591], [138.31677, 36.05662], [138.31675, 36.057], [138.31706, 36.05724], [138.31753, 36.05719], [138.31842, 36.05636], [138.32029, 36.05692], [138.32039, 36.05608], [138.32087, 36.05583], [138.32136, 36.05596], [138.32317, 36.0576], [138.32465, 36.05719], [138.3254, 36.05642], [138.32541, 36.05759], [138.32489, 36.0585], [138.32767, 36.0568], [138.32794, 36.0572], [138.32732, 36.05852], [138.32797, 36.05883], [138.32907, 36.05759], [138.33077, 36.05672], [138.33126, 36.05579], [138.33266, 36.05522], [138.33399, 36.05514], [138.33478, 36.05481], [138.33585, 36.05606], [138.33684, 36.05659], [138.33892, 36.05675], [138.34333, 36.05841], [138.34641, 36.05895]]}, "properties": {"id": 34, "name": "メルヘン街道", "prefecture": "長野県", "start_label": "茅野", "end_label": "麦草峠", "mentions": 1, "confidence": 0.7, "length_m": 27749.532862703727, "curviness": 0.4297458804874935, "summary": "標高2,127mの麦草峠を越える絶景ルート。八ヶ岳の樹林帯と澄んだ高原空気の中を走るドライブコースです。", "geo_status": "ok", "geo_error": null, "stroke": "#1e88e5", "stroke-width": 4}}, {"type": "Feature", "geometry": {"type": "LineString", "coordinates": [[137.551, 35.80924], [137.55173, 35.80939], [137.55207, 35.80891], [137.55292, 35.8087], [137.55307, 35.80922], [137.55509, 35.80951], [137.5553, 35.8112], [137.5547, 35.81225], [137.55506, 35.81288], [137.5551, 35.8142], [137.55537, 35.81443], [137.55597, 35.81429], [137.55763, 35.81476], [137.55845, 35.81637], [137.55821, 35.81689], [137.55842, 35.81746], [137.55763, 35.81843], [137.55659, 35.82134], [137.55656, 35.82211], [137.55595, 35.82282], [137.55587, 35.82355], [137.55489, 35.82405], [137.55431, 35.82493], [137.55252, 35.82606], [137.55046, 35.82811], [137.54999, 35.82911], [137.54811, 35.83111], [137.54787, 35.83165], [137.54712, 35.83196], [137.54613, 35.83295], [137.54579, 35.83495], [137.54545, 35.83543], [137.54596, 35.83564], [137.54678, 35.83476], [137.54711, 35.83475], [137.54655, 35.83555], [137.54642, 35.8363], [137.54618, 35.83642], [137.54549, 35.83621], [137.54449, 35.83691], [137.54425, 35.83677], [137.54438, 35.83628], [137.54406, 35.8364], [137.54413, 35.83749], [137.54436, 35.83762], [137.54512, 35.8367], [137.54546, 35.83654], [137.54577, 35.83666], [137.54639, 35.8374], [137.54644, 35.8385], [137.54672, 35.83859], [137.54902, 35.83519], [137.55047, 35.83423], [137.55029, 35.83354], [137.55052, 35.83354], [137.55073, 35.83431], [137.54953, 35.83541], [137.54877, 35.83726], [137.54836, 35.83871], [137.54858, 35.83942], [137.54753, 35.84004], [137.54804, 35.84113], [137.5478, 35.84132], [137.54736, 35.84119], [137.54785, 35.84171], [137.54951, 35.84239], [137.54948, 35.84307], [137.54982, 35.84331], [137.54922, 35.84355], [137.5484, 35.84434], [137.5482, 35.84415], [137.54835, 35.84307], [137.54774, 35.84299], [137.54774, 35.84361], [137.54658, 35.84549], [137.54666, 35.84657], [137.54595, 35.84696], [137.54315, 35.85036], [137.54267, 35.8518], [137.54057, 35.8542], [137.54058, 35.85461], [137.54139, 35.85498], [137.54143, 35.85533], [137.53953, 35.85748], [137.53823, 35.85823], [137.53834, 35.85865], [137.53906, 35.85935], [137.53875, 35.8594], [137.53751, 35.85824], [137.53751, 35.85796], [137.53829, 35.85736], [137.53819, 35.85711], [137.53698, 35.85711], [137.53488, 35.85831], [137.53288, 35.85846], [137.53183, 35.85904], [137.53044, 35.85829], [137.53014, 35.85756], [137.53009, 35.8584], [137.53161, 35.86016], [137.532, 35.86019], [137.53263, 35.85975], [137.53424, 35.86021], [137.53378, 35.86089], [137.53393, 35.86146], [137.53361, 35.86149], [137.53351, 35.86083], [137.53313, 35.86065], [137.53205, 35.86162], [137.53059, 35.86148], [137.53058, 35.86169], [137.53103, 35.86168], [137.53158, 35.86208], [137.53157, 35.86238], [137.52983, 35.86287], [137.52796, 35.86303], [137.52766, 35.86376], [137.52706, 35.86394], [137.52631, 35.86343], [137.52619, 35.86307], [137.52501, 35.86325], [137.5248, 35.8637], [137.52522, 35.86417], [137.5254, 35.8653], [137.5252, 35.86567], [137.5247, 35.8656], [137.52465, 35.86599], [137.52409, 35.86632], [137.52577, 35.86703], [137.52404, 35.8672], [137.52487, 35.86797], [137.52317, 35.86767], [137.52084, 35.86766], [137.51979, 35.86798], [137.5192, 35.86773], [137.51932, 35.8669], [137.51863, 35.86703], [137.51729, 35.8665], [137.51659, 35.86663], [137.51627, 35.86647], [137.51613, 35.86539], [137.51593, 35.86669], [137.51625, 35.86691], [137.51703, 35.86696], [137.51771, 35.86738], [137.51756, 35.86822], [137.5178, 35.86889], [137.51888, 35.86921], [137.51926, 35.86958], [137.51847, 35.87068], [137.51841, 35.87115], [137.51818, 35.87103], [137.51811, 35.86964], [137.51659, 35.86917], [137.51636, 35.86843], [137.51585, 35.86803], [137.51434, 35.86859], [137.5139, 35.86752], [137.51361, 35.86738], [137.51336, 35.86783], [137.51345, 35.86912], [137.51405, 35.87066], [137.51173, 35.87018], [137.51143, 35.86926], [137.51019, 35.86881], [137.51075, 35.86937], [137.51004, 35.87034], [137.51061, 35.8717], [137.50966, 35.87093], [137.50889, 35.87085], [137.50854, 35.86968], [137.5066, 35.86844], [137.50527, 35.8689], [137.50352, 35.86871], [137.50186, 35.86976], [137.5003, 35.8697], [137.5008, 35.87098], [137.50166, 35.87191], [137.50283, 35.8726], [137.50262, 35.87299], [137.50232, 35.87301]]}, "properties": {"id": 53, "name": "御嶽スカイライン", "prefecture": "長野県", "start_label": "王滝村役場", "end_label": "田ノ原駐車場", "mentions": 1, "confidence": 0.3, "length_m": 20254.08989273226, "curviness": 0.752370965707534, "summary": "視聴者コメントで絶景と登山との相性が良い道としておすすめされている御嶽山の山麓ルート。", "geo_status": "ok", "geo_error": null, "stroke": "#1e88e5", "stroke-width": 4}}]}